Date,Euro Prices,,,,Prices
2/5/18,0.81,43136,2/5/18, € 0.81 ,1.001855288
2/6/18,0.78,43137,2/5/18, € 0.81 ,0.964749536
2/7/18,0.81,43138,2/5/18, € 0.81 ,1.001855288
2/8/18,0.78,43139,2/5/18, € 0.81 ,0.964749536
2/9/18,0.77,43140,2/5/18, € 0.81 ,0.952380952
2/12/18,0.78,43143,2/5/18, € 0.81 ,0.964749536
2/13/18,0.78,43144,2/5/18, € 0.81 ,0.964749536
2/14/18,0.71,43145,2/5/18, € 0.81 ,0.87816945
2/15/18,0.73,43146,2/5/18, € 0.81 ,0.902906617
2/16/18,0.73,43147,2/5/18, € 0.81 ,0.902906617
2/20/18,0.73,43151,2/5/18, € 0.81 ,0.902906617
2/21/18,0.73,43152,2/5/18, € 0.81 ,0.902906617
2/22/18,0.71,43153,2/5/18, € 0.81 ,0.87816945
2/23/18,0.71,43154,2/5/18, € 0.81 ,0.87816945
2/26/18,0.7,43157,2/5/18, € 0.81 ,0.865800866
2/27/18,0.71,43158,2/5/18, € 0.81 ,0.87816945
2/28/18,0.72,43159,2/28/18, € 0.82 ,0.878155873
3/1/18,0.69,43160,2/28/18, € 0.82 ,0.841566045
3/2/18,0.64,43161,2/28/18, € 0.82 ,0.780582998
3/5/18,0.65,43164,2/28/18, € 0.82 ,0.792779607
3/6/18,0.64,43165,2/28/18, € 0.82 ,0.780582998
3/7/18,0.65,43166,2/28/18, € 0.82 ,0.792779607
3/8/18,0.69,43167,2/28/18, € 0.82 ,0.841566045
3/9/18,0.69,43168,2/28/18, € 0.82 ,0.841566045
3/12/18,0.69,43171,2/28/18, € 0.82 ,0.841566045
3/13/18,0.69,43172,2/28/18, € 0.82 ,0.841566045
3/14/18,0.7,43173,2/28/18, € 0.82 ,0.853762654
3/15/18,0.7,43174,2/28/18, € 0.82 ,0.853762654
3/16/18,0.69,43175,2/28/18, € 0.82 ,0.841566045
3/19/18,0.67,43178,2/28/18, € 0.82 ,0.817172826
3/20/18,0.66,43179,2/28/18, € 0.82 ,0.804976217
3/21/18,0.66,43180,2/28/18, € 0.82 ,0.804976217
3/22/18,0.67,43181,3/22/18, € 0.81 ,0.824412452
3/23/18,0.67,43182,3/22/18, € 0.81 ,0.824412452
3/26/18,0.66,43185,3/22/18, € 0.81 ,0.812107789
3/27/18,0.66,43186,3/22/18, € 0.81 ,0.812107789
3/28/18,0.65,43187,3/22/18, € 0.81 ,0.799803125
3/29/18,0.65,43188,3/22/18, € 0.81 ,0.799803125
4/3/18,0.66,43193,3/22/18, € 0.81 ,0.812107789
4/4/18,0.62,43194,3/22/18, € 0.81 ,0.762889135
4/5/18,0.62,43195,3/22/18, € 0.81 ,0.762889135
4/6/18,0.62,43196,3/22/18, € 0.81 ,0.762889135
4/9/18,0.61,43199,3/22/18, € 0.81 ,0.750584472
4/10/18,0.6,43200,3/22/18, € 0.81 ,0.738279808
4/11/18,0.59,43201,3/22/18, € 0.81 ,0.725975145
4/12/18,0.61,43202,3/22/18, € 0.81 ,0.750584472
4/13/18,0.61,43203,3/22/18, € 0.81 ,0.750584472
4/16/18,0.62,43206,3/22/18, € 0.81 ,0.762889135
4/17/18,0.62,43207,4/17/18, € 0.81 ,0.76704194
4/18/18,0.65,43208,4/17/18, € 0.81 ,0.804156872
4/19/18,0.63,43209,4/17/18, € 0.81 ,0.779413584
4/20/18,0.64,43210,4/17/18, € 0.81 ,0.791785228
4/23/18,0.62,43213,4/17/18, € 0.81 ,0.76704194
4/24/18,0.61,43214,4/17/18, € 0.81 ,0.754670296
4/25/18,0.61,43215,4/17/18, € 0.81 ,0.754670296
4/26/18,0.61,43216,4/17/18, € 0.81 ,0.754670296
4/27/18,0.61,43217,4/17/18, € 0.81 ,0.754670296
4/30/18,0.63,43220,4/17/18, € 0.81 ,0.779413584
5/2/18,0.63,43222,4/17/18, € 0.81 ,0.779413584
5/3/18,0.64,43223,4/17/18, € 0.81 ,0.791785228
5/4/18,0.65,43224,4/17/18, € 0.81 ,0.804156872
5/7/18,0.67,43227,4/17/18, € 0.81 ,0.828900161
5/8/18,0.66,43228,4/17/18, € 0.81 ,0.816528517
5/9/18,0.67,43229,4/17/18, € 0.81 ,0.828900161
5/10/18,0.64,43230,5/10/18, € 0.84 ,0.762721964
5/11/18,0.64,43231,5/10/18, € 0.84 ,0.762721964
5/14/18,0.63,43234,5/10/18, € 0.84 ,0.750804433
5/15/18,0.62,43235,5/10/18, € 0.84 ,0.738886903
5/16/18,0.61,43236,5/10/18, € 0.84 ,0.726969372
5/17/18,0.62,43237,5/10/18, € 0.84 ,0.738886903
5/18/18,0.62,43238,5/10/18, € 0.84 ,0.738886903
5/21/18,0.62,43241,5/10/18, € 0.84 ,0.738886903
5/22/18,0.62,43242,5/10/18, € 0.84 ,0.738886903
5/23/18,0.62,43243,5/10/18, € 0.84 ,0.738886903
5/24/18,0.62,43244,5/10/18, € 0.84 ,0.738886903
5/25/18,0.61,43245,5/10/18, € 0.84 ,0.726969372
5/29/18,0.61,43249,5/10/18, € 0.84 ,0.726969372
5/30/18,0.61,43250,5/10/18, € 0.84 ,0.726969372
5/31/18,0.59,43251,5/10/18, € 0.84 ,0.703134311
6/1/18,0.62,43252,5/10/18, € 0.84 ,0.738886903
6/4/18,0.62,43255,6/4/18, € 0.85 ,0.725315863
6/5/18,0.61,43256,6/4/18, € 0.85 ,0.71361722
6/6/18,0.61,43257,6/4/18, € 0.85 ,0.71361722
6/7/18,0.62,43258,6/4/18, € 0.85 ,0.725315863
6/8/18,0.61,43259,6/4/18, € 0.85 ,0.71361722
6/11/18,0.63,43262,6/4/18, € 0.85 ,0.737014506
6/12/18,0.63,43263,6/4/18, € 0.85 ,0.737014506
6/13/18,0.65,43264,6/4/18, € 0.85 ,0.760411792
6/14/18,0.66,43265,6/4/18, € 0.85 ,0.772110435
6/15/18,0.65,43266,6/4/18, € 0.85 ,0.760411792
6/18/18,0.65,43269,6/4/18, € 0.85 ,0.760411792
6/19/18,0.66,43270,6/4/18, € 0.85 ,0.772110435
6/20/18,0.66,43271,6/4/18, € 0.85 ,0.772110435
6/21/18,0.66,43272,6/4/18, € 0.85 ,0.772110435
6/22/18,0.67,43273,6/4/18, € 0.85 ,0.783809078
6/25/18,0.66,43276,6/4/18, € 0.85 ,0.772110435
6/26/18,0.66,43277,6/26/18, € 0.86 ,0.768872321
6/27/18,0.66,43278,6/26/18, € 0.86 ,0.768872321
6/28/18,0.65,43279,6/26/18, € 0.86 ,0.75722274
6/29/18,0.66,43280,6/26/18, € 0.86 ,0.768872321
7/2/18,0.67,43283,6/26/18, € 0.86 ,0.780521901
7/3/18,0.69,43284,6/26/18, € 0.86 ,0.803821062
7/5/18,0.82,43286,6/26/18, € 0.86 ,0.95526561
7/6/18,0.88,43287,6/26/18, € 0.86 ,1.025163094
7/9/18,0.85,43290,6/26/18, € 0.86 ,0.990214352
7/10/18,0.9,43291,6/26/18, € 0.86 ,1.048462255
7/11/18,0.85,43292,6/26/18, € 0.86 ,0.990214352
7/12/18,0.78,43293,6/26/18, € 0.86 ,0.908667288
7/13/18,0.8,43294,6/26/18, € 0.86 ,0.931966449
7/16/18,0.82,43297,6/26/18, € 0.86 ,0.95526561
7/17/18,0.83,43298,6/26/18, € 0.86 ,0.966915191
7/18/18,0.87,43299,6/26/18, € 0.86 ,1.013513514
7/19/18,0.88,43300,7/19/18, € 0.86 ,1.024804938
7/20/18,0.89,43301,7/19/18, € 0.86 ,1.036450448
7/23/18,0.89,43304,7/19/18, € 0.86 ,1.036450448
7/24/18,0.88,43305,7/19/18, € 0.86 ,1.024804938
7/25/18,0.85,43306,7/19/18, € 0.86 ,0.989868406
7/26/18,0.87,43307,7/19/18, € 0.86 ,1.013159427
7/27/18,0.87,43308,7/19/18, € 0.86 ,1.013159427
7/30/18,0.88,43311,7/19/18, € 0.86 ,1.024804938
7/31/18,0.87,43312,7/19/18, € 0.86 ,1.013159427
8/1/18,0.87,43313,7/19/18, € 0.86 ,1.013159427
8/2/18,0.85,43314,7/19/18, € 0.86 ,0.989868406
8/3/18,0.87,43315,7/19/18, € 0.86 ,1.013159427
8/6/18,0.85,43318,7/19/18, € 0.86 ,0.989868406
8/7/18,0.86,43319,7/19/18, € 0.86 ,1.001513916
8/8/18,0.88,43320,7/19/18, € 0.86 ,1.024804938
8/9/18,0.86,43321,7/19/18, € 0.86 ,1.001513916
8/10/18,0.85,43322,8/10/18, € 0.88 ,0.969987447
8/13/18,0.84,43325,8/10/18, € 0.88 ,0.95857583
8/14/18,0.86,43326,8/10/18, € 0.88 ,0.981399064
8/16/18,0.87,43328,8/10/18, € 0.88 ,0.992810681
8/17/18,0.88,43329,8/10/18, € 0.88 ,1.004222298
8/20/18,0.88,43332,8/10/18, € 0.88 ,1.004222298
8/21/18,0.89,43333,8/10/18, € 0.88 ,1.015633915
8/22/18,0.91,43334,8/10/18, € 0.88 ,1.038457149
8/23/18,0.98,43335,8/10/18, € 0.88 ,1.118338469
8/24/18,1.02,43336,8/10/18, € 0.88 ,1.163984937
8/27/18,1.19,43339,8/10/18, € 0.88 ,1.357982426
8/28/18,1.09,43340,8/10/18, € 0.88 ,1.243866256
8/29/18,1.18,43341,8/10/18, € 0.88 ,1.346570809
8/30/18,1.18,43342,8/10/18, € 0.88 ,1.346570809
8/31/18,1.23,43343,8/10/18, € 0.88 ,1.403628894
9/4/18,1.23,43347,8/10/18, € 0.88 ,1.403628894
9/5/18,1.3,43348,9/5/18, € 0.86 ,1.51197953
9/6/18,1.34,43349,9/5/18, € 0.86 ,1.558501977
9/7/18,1.41,43350,9/5/18, € 0.86 ,1.63991626
9/10/18,1.52,43353,9/5/18, € 0.86 ,1.767852989
9/11/18,1.47,43354,9/5/18, € 0.86 ,1.70969993
9/12/18,1.5,43355,9/5/18, € 0.86 ,1.744591766
9/13/18,1.49,43356,9/5/18, € 0.86 ,1.732961154
9/14/18,1.51,43357,9/5/18, € 0.86 ,1.756222377
9/17/18,1.57,43360,9/5/18, € 0.86 ,1.826006048
9/18/18,1.6,43361,9/5/18, € 0.86 ,1.860897883
9/19/18,1.67,43362,9/5/18, € 0.86 ,1.942312166
9/20/18,1.58,43363,9/5/18, € 0.86 ,1.83763666
9/21/18,1.6,43364,9/5/18, € 0.86 ,1.860897883
9/24/18,1.54,43367,9/5/18, € 0.86 ,1.791114213
9/25/18,1.53,43368,9/5/18, € 0.86 ,1.779483601
9/26/18,1.54,43369,9/5/18, € 0.86 ,1.791114213
9/27/18,1.52,43370,9/27/18, € 0.86 ,1.769705437
9/28/18,1.47,43371,9/27/18, € 0.86 ,1.711491443
10/1/18,1.47,43374,9/27/18, € 0.86 ,1.711491443
10/2/18,1.45,43375,9/27/18, € 0.86 ,1.688205845
10/3/18,1.33,43376,9/27/18, € 0.86 ,1.548492258
10/4/18,1.32,43377,9/27/18, € 0.86 ,1.536849459
10/5/18,1.19,43378,9/27/18, € 0.86 ,1.385493073
10/8/18,1.14,43381,9/27/18, € 0.86 ,1.327279078
10/9/18,1.14,43382,9/27/18, € 0.86 ,1.327279078
10/10/18,1.07,43383,9/27/18, € 0.86 ,1.245779485
10/11/18,1.09,43384,9/27/18, € 0.86 ,1.269065083
10/12/18,1.03,43385,9/27/18, € 0.86 ,1.19920829
10/15/18,1.07,43388,9/27/18, € 0.86 ,1.245779485
10/16/18,1.15,43389,9/27/18, € 0.86 ,1.338921877
10/17/18,1.05,43390,9/27/18, € 0.86 ,1.222493888
10/18/18,1.05,43391,9/27/18, € 0.86 ,1.222493888
10/19/18,1.01,43392,10/19/18, € 0.87 ,1.163058498
10/22/18,1,43395,10/19/18, € 0.87 ,1.151543068
10/23/18,1.01,43396,10/19/18, € 0.87 ,1.163058498
10/24/18,0.93,43397,10/19/18, € 0.87 ,1.070935053
10/25/18,0.95,43398,10/19/18, € 0.87 ,1.093965914
10/26/18,0.91,43399,10/19/18, € 0.87 ,1.047904192
10/29/18,0.95,43402,10/19/18, € 0.87 ,1.093965914
10/30/18,0.93,43403,10/19/18, € 0.87 ,1.070935053
10/31/18,0.94,43404,10/19/18, € 0.87 ,1.082450484
11/1/18,0.95,43405,10/19/18, € 0.87 ,1.093965914
11/2/18,1.02,43406,10/19/18, € 0.87 ,1.174573929
11/5/18,1.07,43409,10/19/18, € 0.87 ,1.232151082
11/6/18,1.18,43410,10/19/18, € 0.87 ,1.35882082
11/7/18,1.18,43411,10/19/18, € 0.87 ,1.35882082
11/8/18,1.11,43412,10/19/18, € 0.87 ,1.278212805
11/9/18,1.14,43413,10/19/18, € 0.87 ,1.312759097
11/12/18,1.08,43416,11/12/18, € 0.89 ,1.211713228
11/13/18,1.08,43417,11/12/18, € 0.89 ,1.211713228
11/14/18,1.09,43418,11/12/18, € 0.89 ,1.222932795
11/15/18,1.08,43419,11/12/18, € 0.89 ,1.211713228
11/16/18,1.07,43420,11/12/18, € 0.89 ,1.200493661
11/19/18,1.05,43423,11/12/18, € 0.89 ,1.178054527
11/20/18,0.98,43424,11/12/18, € 0.89 ,1.099517559
11/21/18,1.03,43425,11/12/18, € 0.89 ,1.155615393
11/23/18,1.11,43427,11/12/18, € 0.89 ,1.245371929
11/26/18,1.16,43430,11/12/18, € 0.89 ,1.301469763
11/27/18,1.16,43431,11/12/18, € 0.89 ,1.301469763
11/28/18,1.13,43432,11/12/18, € 0.89 ,1.267811062
11/29/18,1.1,43433,11/12/18, € 0.89 ,1.234152362
11/30/18,1.09,43434,11/12/18, € 0.89 ,1.222932795
12/3/18,1.13,43437,11/12/18, € 0.89 ,1.267811062
12/4/18,1.1,43438,11/12/18, € 0.89 ,1.234152362
12/6/18,1.17,43440,12/6/18, € 0.88 ,1.33105802
12/7/18,1.2,43441,12/6/18, € 0.88 ,1.365187713
12/10/18,1.23,43444,12/6/18, € 0.88 ,1.399317406
12/11/18,1.2,43445,12/6/18, € 0.88 ,1.365187713
12/12/18,1.21,43446,12/6/18, € 0.88 ,1.376564278
12/13/18,1.16,43447,12/6/18, € 0.88 ,1.319681456
12/14/18,1.17,43448,12/6/18, € 0.88 ,1.33105802
12/17/18,1.14,43451,12/6/18, € 0.88 ,1.296928328
12/18/18,1.12,43452,12/6/18, € 0.88 ,1.274175199
12/19/18,1.14,43453,12/6/18, € 0.88 ,1.296928328
12/20/18,1.1,43454,12/6/18, € 0.88 ,1.251422071
12/21/18,1.05,43455,12/6/18, € 0.88 ,1.194539249
12/27/18,1.06,43461,12/6/18, € 0.88 ,1.205915813
12/28/18,1.06,43462,12/6/18, € 0.88 ,1.205915813
1/2/19,1.17,43467,12/6/18, € 0.88 ,1.33105802
1/3/19,1.18,43468,12/6/18, € 0.88 ,1.342434585
1/4/19,1.18,43469,1/4/19, € 0.88 ,1.344882608
1/7/19,1.22,43472,1/4/19, € 0.88 ,1.390471849
1/8/19,1.23,43473,1/4/19, € 0.88 ,1.401869159
1/9/19,1.22,43474,1/4/19, € 0.88 ,1.390471849
1/10/19,1.28,43475,1/4/19, € 0.88 ,1.45885571
1/11/19,1.26,43476,1/4/19, € 0.88 ,1.43606109
1/14/19,1.29,43479,1/4/19, € 0.88 ,1.47025302
1/15/19,1.39,43480,1/4/19, € 0.88 ,1.584226123
1/16/19,1.4,43481,1/4/19, € 0.88 ,1.595623433
1/17/19,1.39,43482,1/4/19, € 0.88 ,1.584226123
1/18/19,1.41,43483,1/4/19, € 0.88 ,1.607020743
1/22/19,1.5,43487,1/4/19, € 0.88 ,1.709596535
1/23/19,1.53,43488,1/4/19, € 0.88 ,1.743788466
1/24/19,1.56,43489,1/4/19, € 0.88 ,1.777980397
1/25/19,1.56,43490,1/4/19, € 0.88 ,1.777980397
1/28/19,1.59,43493,1/4/19, € 0.88 ,1.812172327
1/29/19,1.48,43494,1/29/19, € 0.87 ,1.69220215
1/30/19,1.42,43495,1/29/19, € 0.87 ,1.62359936
1/31/19,1.45,43496,1/29/19, € 0.87 ,1.657900755
2/1/19,1.34,43497,1/29/19, € 0.87 ,1.532128973
2/4/19,1.3,43500,1/29/19, € 0.87 ,1.48639378
2/5/19,1.3,43501,1/29/19, € 0.87 ,1.48639378
2/6/19,1.33,43502,1/29/19, € 0.87 ,1.520695175
2/7/19,1.3,43503,1/29/19, € 0.87 ,1.48639378
2/8/19,1.27,43504,1/29/19, € 0.87 ,1.452092385
2/11/19,1.31,43507,1/29/19, € 0.87 ,1.497827578
2/12/19,1.34,43508,1/29/19, € 0.87 ,1.532128973
2/13/19,1.35,43509,1/29/19, € 0.87 ,1.543562772
2/14/19,1.38,43510,1/29/19, € 0.87 ,1.577864166
2/15/19,1.38,43511,1/29/19, € 0.87 ,1.577864166
2/19/19,1.41,43515,1/29/19, € 0.87 ,1.612165561
2/20/19,1.45,43516,1/29/19, € 0.87 ,1.657900755
2/21/19,1.29,43517,2/21/19, € 0.88 ,1.462585034
2/22/19,1.32,43518,2/21/19, € 0.88 ,1.496598639
2/25/19,1.3,43521,2/21/19, € 0.88 ,1.473922902
2/26/19,1.3,43522,2/21/19, € 0.88 ,1.473922902
2/27/19,1.26,43523,2/21/19, € 0.88 ,1.428571429
2/28/19,1.21,43524,2/21/19, € 0.88 ,1.371882086
3/1/19,1.22,43525,2/21/19, € 0.88 ,1.383219955
3/4/19,1.24,43528,2/21/19, € 0.88 ,1.405895692
3/5/19,1.24,43529,2/21/19, € 0.88 ,1.405895692
3/6/19,1.25,43530,2/21/19, € 0.88 ,1.41723356
3/7/19,1.25,43531,2/21/19, € 0.88 ,1.41723356
3/8/19,1.23,43532,2/21/19, € 0.88 ,1.394557823
3/11/19,1.26,43535,2/21/19, € 0.88 ,1.428571429
3/12/19,1.22,43536,2/21/19, € 0.88 ,1.383219955
3/13/19,1.44,43537,2/21/19, € 0.88 ,1.632653061
3/14/19,1.47,43538,2/21/19, € 0.88 ,1.666666667
3/15/19,1.5,43539,3/15/19, € 0.88 ,1.698946653
3/18/19,1.47,43542,3/15/19, € 0.88 ,1.66496772
3/19/19,1.46,43543,3/15/19, € 0.88 ,1.653641409
3/20/19,1.46,43544,3/15/19, € 0.88 ,1.653641409
3/21/19,1.48,43545,3/15/19, € 0.88 ,1.676294031
3/22/19,1.45,43546,3/15/19, € 0.88 ,1.642315098
3/25/19,1.45,43549,3/15/19, € 0.88 ,1.642315098
3/26/19,1.47,43550,3/15/19, € 0.88 ,1.66496772
3/27/19,1.45,43551,3/15/19, € 0.88 ,1.642315098
3/28/19,1.48,43552,3/15/19, € 0.88 ,1.676294031
3/29/19,1.52,43553,3/15/19, € 0.88 ,1.721599275
4/1/19,1.52,43556,3/15/19, € 0.88 ,1.721599275
4/2/19,1.48,43557,3/15/19, € 0.88 ,1.676294031
4/3/19,1.51,43558,3/15/19, € 0.88 ,1.710272964
4/4/19,1.54,43559,3/15/19, € 0.88 ,1.744251897
4/5/19,1.58,43560,3/15/19, € 0.88 ,1.789557141
4/8/19,1.61,43563,4/8/19, € 0.89 ,1.81326726
4/9/19,1.59,43564,4/8/19, € 0.89 ,1.790742201
4/10/19,1.6,43565,4/8/19, € 0.89 ,1.80200473
4/11/19,1.61,43566,4/8/19, € 0.89 ,1.81326726
4/12/19,1.67,43567,4/8/19, € 0.89 ,1.880842437
4/15/19,1.71,43570,4/8/19, € 0.89 ,1.925892555
4/16/19,1.69,43571,4/8/19, € 0.89 ,1.903367496
4/17/19,1.39,43572,4/8/19, € 0.89 ,1.565491609
4/18/19,1.33,43573,4/8/19, € 0.89 ,1.497916432
4/23/19,1.26,43578,4/8/19, € 0.89 ,1.419078725
4/24/19,1.19,43579,4/8/19, € 0.89 ,1.340241018
4/25/19,1.29,43580,4/8/19, € 0.89 ,1.452866314
4/26/19,1.26,43581,4/8/19, € 0.89 ,1.419078725
4/29/19,1.23,43584,4/8/19, € 0.89 ,1.385291136
4/30/19,1.27,43585,4/8/19, € 0.89 ,1.430341255
5/2/19,1.25,43587,4/8/19, € 0.89 ,1.407816196
5/3/19,1.25,43588,5/3/19, € 0.89 ,1.400560224
5/6/19,1.23,43591,5/3/19, € 0.89 ,1.378151261
5/7/19,1.24,43592,5/3/19, € 0.89 ,1.389355742
5/8/19,1.27,43593,5/3/19, € 0.89 ,1.422969188
5/9/19,1.29,43594,5/3/19, € 0.89 ,1.445378151
5/10/19,1.27,43595,5/3/19, € 0.89 ,1.422969188
5/13/19,1.26,43598,5/3/19, € 0.89 ,1.411764706
5/14/19,1.29,43599,5/3/19, € 0.89 ,1.445378151
5/15/19,1.33,43600,5/3/19, € 0.89 ,1.490196078
5/16/19,1.36,43601,5/3/19, € 0.89 ,1.523809524
5/17/19,1.39,43602,5/3/19, € 0.89 ,1.557422969
5/20/19,1.39,43605,5/3/19, € 0.89 ,1.557422969
5/21/19,1.37,43606,5/3/19, € 0.89 ,1.535014006
5/22/19,1.44,43607,5/3/19, € 0.89 ,1.613445378
5/23/19,1.44,43608,5/3/19, € 0.89 ,1.613445378
5/24/19,1.47,43609,5/3/19, € 0.89 ,1.647058824
5/28/19,1.45,43613,5/28/19, € 0.90 ,1.618303571
5/29/19,1.45,43614,5/28/19, € 0.90 ,1.618303571
5/30/19,1.46,43615,5/28/19, € 0.90 ,1.629464286
5/31/19,1.53,43616,5/28/19, € 0.90 ,1.707589286
6/3/19,1.49,43619,5/28/19, € 0.90 ,1.662946429
6/4/19,1.51,43620,5/28/19, € 0.90 ,1.685267857
6/5/19,1.58,43621,5/28/19, € 0.90 ,1.763392857
6/6/19,1.55,43622,5/28/19, € 0.90 ,1.729910714
6/7/19,1.59,43623,5/28/19, € 0.90 ,1.774553571
6/10/19,1.59,43626,5/28/19, € 0.90 ,1.774553571
6/11/19,1.62,43627,5/28/19, € 0.90 ,1.808035714
6/12/19,1.61,43628,5/28/19, € 0.90 ,1.796875
6/13/19,1.61,43629,5/28/19, € 0.90 ,1.796875
6/14/19,1.54,43630,5/28/19, € 0.90 ,1.71875
6/17/19,1.49,43633,5/28/19, € 0.90 ,1.662946429
6/18/19,1.51,43634,5/28/19, € 0.90 ,1.685267857
6/19/19,1.51,43635,6/19/19, € 0.89 ,1.695486189
6/20/19,1.5,43636,6/19/19, € 0.89 ,1.684257804
6/21/19,1.48,43637,6/19/19, € 0.89 ,1.661801033
6/24/19,1.5,43640,6/19/19, € 0.89 ,1.684257804
6/25/19,1.48,43641,6/19/19, € 0.89 ,1.661801033
6/26/19,1.48,43642,6/19/19, € 0.89 ,1.661801033
6/27/19,1.44,43643,6/19/19, € 0.89 ,1.616887492
6/28/19,1.48,43644,6/19/19, € 0.89 ,1.661801033
7/1/19,1.5,43647,6/19/19, € 0.89 ,1.684257804
7/2/19,1.52,43648,6/19/19, € 0.89 ,1.706714574
7/3/19,1.52,43649,6/19/19, € 0.89 ,1.706714574
7/4/19,1.52,#N/A,6/19/19, € 0.89 ,1.706714574
7/5/19,1.51,43651,6/19/19, € 0.89 ,1.695486189
7/8/19,1.55,43654,6/19/19, € 0.89 ,1.740399731
7/9/19,1.52,43655,6/19/19, € 0.89 ,1.706714574
7/10/19,1.52,43656,6/19/19, € 0.89 ,1.706714574
7/11/19,1.54,43657,7/11/19, € 0.89 ,1.733258301
7/12/19,1.58,43658,7/11/19, € 0.89 ,1.778277997
7/15/19,1.58,43661,7/11/19, € 0.89 ,1.778277997
7/16/19,1.58,43662,7/11/19, € 0.89 ,1.778277997
7/17/19,1.55,43663,7/11/19, € 0.89 ,1.744513225
7/18/19,1.53,43664,7/11/19, € 0.89 ,1.722003376
7/19/19,1.5,43665,7/11/19, € 0.89 ,1.688238604
7/22/19,1.51,43668,7/11/19, € 0.89 ,1.699493528
7/23/19,1.55,43669,7/11/19, € 0.89 ,1.744513225
7/24/19,1.55,43670,7/11/19, € 0.89 ,1.744513225
7/25/19,1.55,43671,7/11/19, € 0.89 ,1.744513225
7/26/19,1.55,43672,7/11/19, € 0.89 ,1.744513225
7/29/19,1.54,43675,7/11/19, € 0.89 ,1.733258301
7/30/19,1.52,43676,7/11/19, € 0.89 ,1.710748452
7/31/19,1.55,43677,7/11/19, € 0.89 ,1.744513225
8/1/19,1.56,43678,7/11/19, € 0.89 ,1.755768149
8/2/19,1.53,43679,8/2/19, € 0.90 ,1.7
8/5/19,1.5,43682,8/2/19, € 0.90 ,1.666666667
8/6/19,1.5,43683,8/2/19, € 0.90 ,1.666666667
8/7/19,1.51,43684,8/2/19, € 0.90 ,1.677777778
8/8/19,1.53,43685,8/2/19, € 0.90 ,1.7
8/9/19,1.5,43686,8/2/19, € 0.90 ,1.666666667
8/12/19,1.51,43689,8/2/19, € 0.90 ,1.677777778
8/13/19,1.5,43690,8/2/19, € 0.90 ,1.666666667
8/14/19,1.43,43691,8/2/19, € 0.90 ,1.588888889
8/16/19,1.46,43693,8/2/19, € 0.90 ,1.622222222
8/19/19,1.49,43696,8/2/19, € 0.90 ,1.655555556
8/20/19,1.54,43697,8/2/19, € 0.90 ,1.711111111
8/21/19,1.56,43698,8/2/19, € 0.90 ,1.733333333
8/22/19,1.57,43699,8/2/19, € 0.90 ,1.744444444
8/23/19,1.58,43700,8/2/19, € 0.90 ,1.755555556
8/26/19,1.52,43703,8/2/19, € 0.90 ,1.688888889
8/27/19,1.5,43704,8/27/19, € 0.90 ,1.663708962
8/28/19,1.46,43705,8/27/19, € 0.90 ,1.61934339
8/29/19,1.49,43706,8/27/19, € 0.90 ,1.652617569
8/30/19,1.48,43707,8/27/19, € 0.90 ,1.641526176
9/2/19,1.48,#N/A,8/27/19, € 0.90 ,1.641526176
9/3/19,1.44,43711,8/27/19, € 0.90 ,1.597160603
9/4/19,1.43,43712,8/27/19, € 0.90 ,1.58606921
9/5/19,1.44,43713,8/27/19, € 0.90 ,1.597160603
9/6/19,1.43,43714,8/27/19, € 0.90 ,1.58606921
9/9/19,1.46,43717,8/27/19, € 0.90 ,1.61934339
9/10/19,1.44,43718,8/27/19, € 0.90 ,1.597160603
9/11/19,1.44,43719,8/27/19, € 0.90 ,1.597160603
9/12/19,1.43,43720,8/27/19, € 0.90 ,1.58606921
9/13/19,1.44,43721,8/27/19, € 0.90 ,1.597160603
9/16/19,1.39,43724,8/27/19, € 0.90 ,1.541703638
9/17/19,1.38,43725,8/27/19, € 0.90 ,1.530612245
9/18/19,1.41,43726,9/18/19, € 0.91 ,1.555432984
9/19/19,1.4,43727,9/18/19, € 0.91 ,1.544401544
9/20/19,1.4,43728,9/18/19, € 0.91 ,1.544401544
9/23/19,1.33,43731,9/18/19, € 0.91 ,1.467181467
9/24/19,1.31,43732,9/18/19, € 0.91 ,1.445118588
9/25/19,1.28,43733,9/18/19, € 0.91 ,1.412024269
9/26/19,1.31,43734,9/18/19, € 0.91 ,1.445118588
9/27/19,1.31,43735,9/18/19, € 0.91 ,1.445118588
9/30/19,1.34,43738,9/18/19, € 0.91 ,1.478212907
10/1/19,1.33,43739,9/18/19, € 0.91 ,1.467181467
10/2/19,1.31,43740,9/18/19, € 0.91 ,1.445118588
10/3/19,1.31,43741,9/18/19, € 0.91 ,1.445118588
10/4/19,1.3,43742,9/18/19, € 0.91 ,1.434087148
10/7/19,1.31,43745,9/18/19, € 0.91 ,1.445118588
10/8/19,1.32,43746,9/18/19, € 0.91 ,1.456150028
10/9/19,1.32,43747,9/18/19, € 0.91 ,1.456150028
10/10/19,1.32,43748,10/10/19, € 0.91 ,1.453104359
10/11/19,1.39,43749,10/10/19, € 0.91 ,1.530162924
10/14/19,1.44,43752,10/10/19, € 0.91 ,1.585204756
10/15/19,1.42,43753,10/10/19, € 0.91 ,1.563188023
10/16/19,1.43,43754,10/10/19, € 0.91 ,1.574196389
10/17/19,1.42,43755,10/10/19, € 0.91 ,1.563188023
10/18/19,1.44,43756,10/10/19, € 0.91 ,1.585204756
10/21/19,1.45,43759,10/10/19, € 0.91 ,1.596213122
10/22/19,1.44,43760,10/10/19, € 0.91 ,1.585204756
10/23/19,1.41,43761,10/10/19, € 0.91 ,1.552179657
10/24/19,1.43,43762,10/10/19, € 0.91 ,1.574196389
10/25/19,1.43,43763,10/10/19, € 0.91 ,1.574196389
10/28/19,1.44,43766,10/10/19, € 0.91 ,1.585204756
10/29/19,1.43,43767,10/10/19, € 0.91 ,1.574196389
10/30/19,1.41,43768,10/10/19, € 0.91 ,1.552179657
10/31/19,1.41,43769,10/10/19, € 0.91 ,1.552179657
11/1/19,1.42,43770,11/1/19, € 0.90 ,1.586060538
11/4/19,1.42,43773,11/1/19, € 0.90 ,1.586060538
11/5/19,1.42,43774,11/1/19, € 0.90 ,1.586060538
11/6/19,1.43,43775,11/1/19, € 0.90 ,1.597229979
11/7/19,1.42,43776,11/1/19, € 0.90 ,1.586060538
11/8/19,1.4,43777,11/1/19, € 0.90 ,1.563721658
11/11/19,1.41,43780,11/1/19, € 0.90 ,1.574891098
11/12/19,1.43,43781,11/1/19, € 0.90 ,1.597229979
11/13/19,1.42,43782,11/1/19, € 0.90 ,1.586060538
11/14/19,1.41,43783,11/1/19, € 0.90 ,1.574891098
11/15/19,1.42,43784,11/1/19, € 0.90 ,1.586060538
11/18/19,1.43,43787,11/1/19, € 0.90 ,1.597229979
11/19/19,1.44,43788,11/1/19, € 0.90 ,1.608399419
11/20/19,1.43,43789,11/1/19, € 0.90 ,1.597229979
11/21/19,1.43,43790,11/1/19, € 0.90 ,1.597229979
11/22/19,1.41,43791,11/1/19, € 0.90 ,1.574891098
11/25/19,1.42,43794,11/25/19, € 0.91 ,1.564048904
11/26/19,1.45,43795,11/25/19, € 0.91 ,1.597092191
11/27/19,1.41,43796,11/25/19, € 0.91 ,1.553034475
11/28/19,1.4,#N/A,11/25/19, € 0.91 ,1.542020046
11/29/19,1.38,43798,11/25/19, € 0.91 ,1.519991188
12/2/19,1.26,43801,11/25/19, € 0.91 ,1.387818042
12/3/19,1.26,43802,11/25/19, € 0.91 ,1.387818042
12/4/19,1.29,43803,11/25/19, € 0.91 ,1.420861328
12/5/19,1.31,43804,11/25/19, € 0.91 ,1.442890186
12/6/19,1.29,43805,11/25/19, € 0.91 ,1.420861328
12/9/19,1.28,43808,11/25/19, € 0.91 ,1.409846899
12/10/19,1.28,43809,11/25/19, € 0.91 ,1.409846899
12/11/19,1.26,43810,11/25/19, € 0.91 ,1.387818042
12/12/19,1.23,43811,11/25/19, € 0.91 ,1.354774755
12/13/19,1.25,43812,11/25/19, € 0.91 ,1.376803613
12/16/19,1.29,43815,11/25/19, € 0.91 ,1.420861328
12/17/19,1.28,43816,12/17/19, € 0.90 ,1.427297056
12/18/19,1.28,43817,12/17/19, € 0.90 ,1.427297056
12/19/19,1.27,43818,12/17/19, € 0.90 ,1.416146298
12/20/19,1.29,43819,12/17/19, € 0.90 ,1.438447814
12/23/19,1.27,43822,12/17/19, € 0.90 ,1.416146298
12/27/19,1.26,43826,12/17/19, € 0.90 ,1.40499554
12/30/19,1.25,43829,12/17/19, € 0.90 ,1.393844781
1/2/20,1.27,43832,12/17/19, € 0.90 ,1.416146298
1/3/20,1.27,43833,12/17/19, € 0.90 ,1.416146298
1/6/20,1.27,43836,12/17/19, € 0.90 ,1.416146298
1/7/20,1.26,43837,12/17/19, € 0.90 ,1.40499554
1/8/20,1.27,43838,12/17/19, € 0.90 ,1.416146298
1/9/20,1.27,43839,12/17/19, € 0.90 ,1.416146298
1/10/20,1.27,43840,12/17/19, € 0.90 ,1.416146298
1/13/20,1.26,43843,12/17/19, € 0.90 ,1.40499554
1/14/20,1.26,43844,12/17/19, € 0.90 ,1.40499554
1/15/20,1.24,43845,1/15/20, € 0.90 ,1.383002454
1/16/20,1.22,43846,1/15/20, € 0.90 ,1.360695963
1/17/20,1.24,43847,1/15/20, € 0.90 ,1.383002454
1/20/20,1.23,#N/A,1/15/20, € 0.90 ,1.371849208
1/21/20,1.24,43851,1/15/20, € 0.90 ,1.383002454
1/22/20,1.23,43852,1/15/20, € 0.90 ,1.371849208
1/23/20,1.22,43853,1/15/20, € 0.90 ,1.360695963
1/24/20,1.22,43854,1/15/20, € 0.90 ,1.360695963
1/27/20,1.19,43857,1/15/20, € 0.90 ,1.327236226
1/28/20,1.19,43858,1/15/20, € 0.90 ,1.327236226
1/29/20,1.19,43859,1/15/20, € 0.90 ,1.327236226
1/30/20,1.16,43860,1/15/20, € 0.90 ,1.293776489
1/31/20,1.14,43861,1/15/20, € 0.90 ,1.271469998
2/3/20,1.13,43864,1/15/20, € 0.90 ,1.260316752
2/4/20,1.15,43865,1/15/20, € 0.90 ,1.282623243
2/5/20,1.14,43866,1/15/20, € 0.90 ,1.271469998
2/6/20,1.15,43867,2/6/20, € 0.91 ,1.262764906
2/7/20,1.15,43868,2/6/20, € 0.91 ,1.262764906
2/10/20,1.15,43871,2/6/20, € 0.91 ,1.262764906
2/11/20,1.18,43872,2/6/20, € 0.91 ,1.295706599
2/12/20,1.22,43873,2/6/20, € 0.91 ,1.339628857
2/13/20,1.24,43874,2/6/20, € 0.91 ,1.361589986
2/14/20,1.24,43875,2/6/20, € 0.91 ,1.361589986
2/17/20,1.24,#N/A,2/6/20, € 0.91 ,1.361589986
2/18/20,1.22,43879,2/6/20, € 0.91 ,1.339628857
2/19/20,1.2,43880,2/6/20, € 0.91 ,1.317667728
2/20/20,1.18,43881,2/6/20, € 0.91 ,1.295706599
2/21/20,1.14,43882,2/6/20, € 0.91 ,1.251784342
2/24/20,1.01,43885,2/6/20, € 0.91 ,1.109037005
2/25/20,1.01,43886,2/6/20, € 0.91 ,1.109037005
2/26/20,1.04,43887,2/6/20, € 0.91 ,1.141978698
2/27/20,0.98,43888,2/6/20, € 0.91 ,1.076095311
2/28/20,0.98,43889,2/28/20, € 0.91 ,1.080723423
3/2/20,0.93,43892,2/28/20, € 0.91 ,1.025584473
3/3/20,0.93,43893,2/28/20, € 0.91 ,1.025584473
3/4/20,0.9,43894,2/28/20, € 0.91 ,0.992501103
3/5/20,0.85,43895,2/28/20, € 0.91 ,0.937362153
3/6/20,0.81,43896,2/28/20, € 0.91 ,0.893250993
3/9/20,0.7,43899,2/28/20, € 0.91 ,0.771945302
3/10/20,0.68,43900,2/28/20, € 0.91 ,0.749889722
3/11/20,0.66,43901,2/28/20, € 0.91 ,0.727834142
3/12/20,0.55,43902,2/28/20, € 0.91 ,0.606528452
3/13/20,0.61,43903,2/28/20, € 0.91 ,0.672695192
3/16/20,0.62,43906,2/28/20, € 0.91 ,0.683722982
3/17/20,0.65,43907,2/28/20, € 0.91 ,0.716806352
3/18/20,0.66,43908,2/28/20, € 0.91 ,0.727834142
3/19/20,0.67,43909,2/28/20, € 0.91 ,0.738861932
3/20/20,0.71,43910,2/28/20, € 0.91 ,0.782973092
3/23/20,0.71,43913,3/23/20, € 0.93 ,0.761475761
3/24/20,0.75,43914,3/23/20, € 0.93 ,0.804375804
3/25/20,0.76,43915,3/23/20, € 0.93 ,0.815100815
3/26/20,0.78,43916,3/23/20, € 0.93 ,0.836550837
3/27/20,0.74,43917,3/23/20, € 0.93 ,0.793650794
3/30/20,0.78,43920,3/23/20, € 0.93 ,0.836550837
3/31/20,0.78,43921,3/23/20, € 0.93 ,0.836550837
4/1/20,0.74,43922,3/23/20, € 0.93 ,0.793650794
4/2/20,0.74,43923,3/23/20, € 0.93 ,0.793650794
4/3/20,0.74,43924,3/23/20, € 0.93 ,0.793650794
4/6/20,0.74,43927,3/23/20, € 0.93 ,0.793650794
4/7/20,0.75,43928,3/23/20, € 0.93 ,0.804375804
4/8/20,0.77,43929,3/23/20, € 0.93 ,0.825825826
4/9/20,0.77,43930,3/23/20, € 0.93 ,0.825825826
4/14/20,0.78,43935,3/23/20, € 0.93 ,0.836550837
4/15/20,0.75,43936,3/23/20, € 0.93 ,0.804375804
4/16/20,0.77,43937,4/16/20, € 0.92 ,0.834597876
4/17/20,0.8,43938,4/16/20, € 0.92 ,0.867114676
4/20/20,0.91,43941,4/16/20, € 0.92 ,0.986342944
4/21/20,0.92,43942,4/16/20, € 0.92 ,0.997181877
4/22/20,0.97,43943,4/16/20, € 0.92 ,1.051376545
4/23/20,1.01,43944,4/16/20, € 0.92 ,1.094732278
4/24/20,0.94,43945,4/16/20, € 0.92 ,1.018859744
4/27/20,1,43948,4/16/20, € 0.92 ,1.083893345
4/28/20,0.96,43949,4/16/20, € 0.92 ,1.040537611
4/29/20,0.93,43950,4/16/20, € 0.92 ,1.008020811
4/30/20,0.9,43951,4/16/20, € 0.92 ,0.97550401
5/4/20,0.93,43955,4/16/20, € 0.92 ,1.008020811
5/5/20,0.96,43956,4/16/20, € 0.92 ,1.040537611
5/6/20,0.96,43957,4/16/20, € 0.92 ,1.040537611
5/7/20,0.96,43958,4/16/20, € 0.92 ,1.040537611
5/8/20,0.95,43959,4/16/20, € 0.92 ,1.029698678
5/11/20,0.98,43962,5/11/20, € 0.93 ,1.059344936
5/12/20,0.98,43963,5/11/20, € 0.93 ,1.059344936
5/13/20,0.97,43964,5/11/20, € 0.93 ,1.048535293
5/14/20,0.95,43965,5/11/20, € 0.93 ,1.026916009
5/15/20,0.93,43966,5/11/20, € 0.93 ,1.005296725
5/18/20,0.96,43969,5/11/20, € 0.93 ,1.037725651
5/19/20,0.9,43970,5/11/20, € 0.93 ,0.972867798
5/20/20,0.88,43971,5/11/20, € 0.93 ,0.951248514
5/21/20,0.85,43972,5/11/20, € 0.93 ,0.918819587
5/22/20,0.86,43973,5/11/20, € 0.93 ,0.929629229
5/25/20,0.91,#N/A,5/11/20, € 0.93 ,0.98367744
5/26/20,0.93,43977,5/11/20, € 0.93 ,1.005296725
5/27/20,0.9,43978,5/11/20, € 0.93 ,0.972867798
5/28/20,0.94,43979,5/11/20, € 0.93 ,1.016106367
5/29/20,0.93,43980,5/11/20, € 0.93 ,1.005296725
6/1/20,0.95,43983,5/11/20, € 0.93 ,1.026916009
6/2/20,0.96,43984,6/2/20, € 0.90 ,1.072625698
6/3/20,0.98,43985,6/2/20, € 0.90 ,1.094972067
6/4/20,0.98,43986,6/2/20, € 0.90 ,1.094972067
6/5/20,0.99,43987,6/2/20, € 0.90 ,1.106145251
6/8/20,1.02,43990,6/2/20, € 0.90 ,1.139664804
6/9/20,1,43991,6/2/20, € 0.90 ,1.117318436
6/10/20,0.98,43992,6/2/20, € 0.90 ,1.094972067
6/11/20,0.94,43993,6/2/20, € 0.90 ,1.05027933
6/12/20,0.96,43994,6/2/20, € 0.90 ,1.072625698
6/15/20,0.96,43997,6/2/20, € 0.90 ,1.072625698
6/16/20,0.98,43998,6/2/20, € 0.90 ,1.094972067
6/17/20,0.99,43999,6/2/20, € 0.90 ,1.106145251
6/18/20,0.94,44000,6/2/20, € 0.90 ,1.05027933
6/19/20,0.95,44001,6/2/20, € 0.90 ,1.061452514
6/22/20,0.94,44004,6/2/20, € 0.90 ,1.05027933
6/23/20,0.95,44005,6/2/20, € 0.90 ,1.061452514
6/24/20,0.94,44006,6/24/20, € 0.89 ,1.057724767
6/25/20,0.95,44007,6/24/20, € 0.89 ,1.068977158
6/26/20,0.93,44008,6/24/20, € 0.89 ,1.046472375
6/29/20,0.9,44011,6/24/20, € 0.89 ,1.012715202
6/30/20,0.92,44012,6/24/20, € 0.89 ,1.035219984
7/1/20,0.92,44013,6/24/20, € 0.89 ,1.035219984
7/2/20,0.93,44014,6/24/20, € 0.89 ,1.046472375
7/3/20,0.94,#N/A,6/24/20, € 0.89 ,1.057724767
7/6/20,0.95,44018,6/24/20, € 0.89 ,1.068977158
7/7/20,0.97,44019,6/24/20, € 0.89 ,1.09148194
7/8/20,0.95,44020,6/24/20, € 0.89 ,1.068977158
7/9/20,0.93,44021,6/24/20, € 0.89 ,1.046472375
7/10/20,0.94,44022,6/24/20, € 0.89 ,1.057724767
7/13/20,0.94,44025,6/24/20, € 0.89 ,1.057724767
7/14/20,0.94,44026,6/24/20, € 0.89 ,1.057724767
7/15/20,0.95,44027,6/24/20, € 0.89 ,1.068977158
7/16/20,0.95,44028,7/16/20, € 0.88 ,1.081634977
7/17/20,0.95,44029,7/16/20, € 0.88 ,1.081634977
7/20/20,0.99,44032,7/16/20, € 0.88 ,1.127177502
7/21/20,0.98,44033,7/16/20, € 0.88 ,1.115791871
7/22/20,0.98,44034,7/16/20, € 0.88 ,1.115791871
7/23/20,1,44035,7/16/20, € 0.88 ,1.138563133
7/24/20,0.99,44036,7/16/20, € 0.88 ,1.127177502
7/27/20,0.94,44039,7/16/20, € 0.88 ,1.070249345
7/28/20,0.91,44040,7/16/20, € 0.88 ,1.036092451
7/29/20,0.91,44041,7/16/20, € 0.88 ,1.036092451
7/30/20,0.87,44042,7/16/20, € 0.88 ,0.990549926
7/31/20,0.9,44043,7/16/20, € 0.88 ,1.02470682
8/3/20,0.92,44046,7/16/20, € 0.88 ,1.047478083
8/4/20,0.92,44047,7/16/20, € 0.88 ,1.047478083
8/5/20,0.93,44048,7/16/20, € 0.88 ,1.058863714
8/6/20,0.93,44049,7/16/20, € 0.88 ,1.058863714
8/7/20,0.92,44050,8/7/20, € 0.85 ,1.084649847
8/10/20,0.86,44053,8/7/20, € 0.85 ,1.013911813
8/11/20,0.88,44054,8/7/20, € 0.85 ,1.037491158
8/12/20,0.89,44055,8/7/20, € 0.85 ,1.04928083
8/13/20,0.91,44056,8/7/20, € 0.85 ,1.072860174
8/14/20,0.91,44057,8/7/20, € 0.85 ,1.072860174
8/17/20,0.92,44060,8/7/20, € 0.85 ,1.084649847
8/18/20,0.91,44061,8/7/20, € 0.85 ,1.072860174
8/19/20,0.92,44062,8/7/20, € 0.85 ,1.084649847
8/20/20,0.92,44063,8/7/20, € 0.85 ,1.084649847
8/21/20,0.92,44064,8/7/20, € 0.85 ,1.084649847
8/24/20,0.92,44067,8/7/20, € 0.85 ,1.084649847
8/25/20,0.92,44068,8/7/20, € 0.85 ,1.084649847
8/26/20,0.93,44069,8/7/20, € 0.85 ,1.096439519
8/27/20,0.93,44070,8/7/20, € 0.85 ,1.096439519
8/28/20,0.92,44071,8/7/20, € 0.85 ,1.084649847
8/31/20,0.92,44074,8/31/20, € 0.84 ,1.098245195
9/1/20,0.9,44075,8/31/20, € 0.84 ,1.0743703
9/2/20,0.89,44076,8/31/20, € 0.84 ,1.062432852
9/3/20,0.88,44077,8/31/20, € 0.84 ,1.050495404
9/4/20,0.87,44078,8/31/20, € 0.84 ,1.038557956
9/7/20,0.89,#N/A,8/31/20, € 0.84 ,1.062432852
9/8/20,0.89,44082,8/31/20, € 0.84 ,1.062432852
9/9/20,0.91,44083,8/31/20, € 0.84 ,1.086307747
9/10/20,0.92,44084,8/31/20, € 0.84 ,1.098245195
9/11/20,0.91,44085,8/31/20, € 0.84 ,1.086307747
9/14/20,0.93,44088,8/31/20, € 0.84 ,1.110182643
9/15/20,0.92,44089,8/31/20, € 0.84 ,1.098245195
9/16/20,0.93,44090,8/31/20, € 0.84 ,1.110182643
9/17/20,0.93,44091,8/31/20, € 0.84 ,1.110182643
9/18/20,0.9,44092,8/31/20, € 0.84 ,1.0743703
9/21/20,0.88,44095,8/31/20, € 0.84 ,1.050495404
9/22/20,0.91,44096,9/22/20, € 0.85 ,1.06557377
9/23/20,0.88,44097,9/22/20, € 0.85 ,1.030444965
9/24/20,0.86,44098,9/22/20, € 0.85 ,1.007025761
9/25/20,0.85,44099,9/22/20, € 0.85 ,0.995316159
9/28/20,0.86,44102,9/22/20, € 0.85 ,1.007025761
9/29/20,0.86,44103,9/22/20, € 0.85 ,1.007025761
9/30/20,0.85,44104,9/22/20, € 0.85 ,0.995316159
10/1/20,0.85,44105,9/22/20, € 0.85 ,0.995316159
10/2/20,0.83,44106,9/22/20, € 0.85 ,0.971896956
10/5/20,0.82,44109,9/22/20, € 0.85 ,0.960187354
10/6/20,0.83,44110,9/22/20, € 0.85 ,0.971896956
10/7/20,0.81,44111,9/22/20, € 0.85 ,0.948477752
10/8/20,0.82,44112,9/22/20, € 0.85 ,0.960187354
10/9/20,0.8,44113,9/22/20, € 0.85 ,0.93676815
10/12/20,0.77,44116,9/22/20, € 0.85 ,0.901639344
10/13/20,0.76,44117,9/22/20, € 0.85 ,0.889929742
10/14/20,0.78,44118,10/14/20, € 0.85 ,0.916353383
10/15/20,0.76,44119,10/14/20, € 0.85 ,0.892857143
10/16/20,0.76,44120,10/14/20, € 0.85 ,0.892857143
10/19/20,0.75,44123,10/14/20, € 0.85 ,0.881109023
10/20/20,0.74,44124,10/14/20, € 0.85 ,0.869360902
10/21/20,0.77,44125,10/14/20, € 0.85 ,0.904605263
10/22/20,0.77,44126,10/14/20, € 0.85 ,0.904605263
10/23/20,0.77,44127,10/14/20, € 0.85 ,0.904605263
10/26/20,0.76,44130,10/14/20, € 0.85 ,0.892857143
10/27/20,0.76,44131,10/14/20, € 0.85 ,0.892857143
10/28/20,0.75,44132,10/14/20, € 0.85 ,0.881109023
10/29/20,0.72,44133,10/14/20, € 0.85 ,0.845864662
10/30/20,0.73,44134,10/14/20, € 0.85 ,0.857612782
11/2/20,0.75,44137,10/14/20, € 0.85 ,0.881109023
11/3/20,0.75,44138,10/14/20, € 0.85 ,0.881109023
11/4/20,0.76,44139,10/14/20, € 0.85 ,0.892857143
11/5/20,0.74,44140,11/5/20, € 0.85 ,0.87532529
11/6/20,0.74,44141,11/5/20, € 0.85 ,0.87532529
11/9/20,0.76,44144,11/5/20, € 0.85 ,0.89898273
11/10/20,0.78,44145,11/5/20, € 0.85 ,0.92264017
11/11/20,0.78,44146,11/5/20, € 0.85 ,0.92264017
11/12/20,0.79,44147,11/5/20, € 0.85 ,0.93446889
11/13/20,0.78,44148,11/5/20, € 0.85 ,0.92264017
11/16/20,0.8,44151,11/5/20, € 0.85 ,0.946297611
11/17/20,0.82,44152,11/5/20, € 0.85 ,0.969955051
11/18/20,0.83,44153,11/5/20, € 0.85 ,0.981783771
11/19/20,0.81,44154,11/5/20, € 0.85 ,0.958126331
11/20/20,0.81,44155,11/5/20, € 0.85 ,0.958126331
11/23/20,0.82,44158,11/5/20, € 0.85 ,0.969955051
11/24/20,0.84,44159,11/5/20, € 0.85 ,0.993612491
11/25/20,0.83,44160,11/5/20, € 0.85 ,0.981783771
11/26/20,0.82,#N/A,11/5/20, € 0.85 ,0.969955051
11/27/20,0.82,44162,11/27/20, € 0.84 ,0.981095956
11/30/20,0.81,44165,11/27/20, € 0.84 ,0.969131371
12/1/20,0.83,44166,11/27/20, € 0.84 ,0.993060541
12/2/20,0.84,44167,11/27/20, € 0.84 ,1.005025126
12/3/20,0.83,44168,11/27/20, € 0.84 ,0.993060541
12/4/20,0.83,44169,11/27/20, € 0.84 ,0.993060541
12/7/20,0.82,44172,11/27/20, € 0.84 ,0.981095956
12/8/20,0.82,44173,11/27/20, € 0.84 ,0.981095956
12/9/20,0.83,44174,11/27/20, € 0.84 ,0.993060541
12/10/20,0.83,44175,11/27/20, € 0.84 ,0.993060541
12/11/20,0.83,44176,11/27/20, € 0.84 ,0.993060541
12/14/20,0.82,44179,11/27/20, € 0.84 ,0.981095956
12/15/20,0.84,44180,11/27/20, € 0.84 ,1.005025126
12/16/20,0.83,44181,11/27/20, € 0.84 ,0.993060541
12/17/20,0.83,44182,11/27/20, € 0.84 ,0.993060541
12/18/20,0.83,44183,11/27/20, € 0.84 ,0.993060541
12/21/20,0.82,44186,12/21/20, € 0.82 ,1.004040651
12/22/20,0.84,44187,12/21/20, € 0.82 ,1.028529448
12/23/20,0.81,44188,12/21/20, € 0.82 ,0.991796253
12/28/20,0.82,44193,12/21/20, € 0.82 ,1.004040651
12/29/20,0.82,44194,12/21/20, € 0.82 ,1.004040651
12/30/20,0.81,44195,12/21/20, € 0.82 ,0.991796253
1/4/21,0.82,44200,12/21/20, € 0.82 ,1.004040651
1/5/21,0.81,44201,12/21/20, € 0.82 ,0.991796253
1/6/21,0.81,44202,12/21/20, € 0.82 ,0.991796253
1/7/21,0.81,44203,12/21/20, € 0.82 ,0.991796253
1/8/21,0.81,44204,12/21/20, € 0.82 ,0.991796253
1/11/21,0.8,44207,12/21/20, € 0.82 ,0.979551855
1/12/21,0.79,44208,12/21/20, € 0.82 ,0.967307457
1/13/21,0.79,44209,12/21/20, € 0.82 ,0.967307457
1/14/21,0.79,44210,12/21/20, € 0.82 ,0.967307457
1/15/21,0.79,44211,12/21/20, € 0.82 ,0.967307457
1/18/21,0.78,#N/A,1/18/21, € 0.83 ,0.942256584
1/19/21,0.77,44215,1/18/21, € 0.83 ,0.930176371
1/20/21,0.79,44216,1/18/21, € 0.83 ,0.954336796
1/21/21,0.79,44217,1/18/21, € 0.83 ,0.954336796
1/22/21,0.78,44218,1/18/21, € 0.83 ,0.942256584
1/25/21,0.76,44221,1/18/21, € 0.83 ,0.918096158
1/26/21,0.78,44222,1/18/21, € 0.83 ,0.942256584
1/27/21,0.77,44223,1/18/21, € 0.83 ,0.930176371
1/28/21,0.77,44224,1/18/21, € 0.83 ,0.930176371
1/29/21,0.77,44225,1/18/21, € 0.83 ,0.930176371
2/1/21,0.8,44228,1/18/21, € 0.83 ,0.966417009
2/2/21,0.79,44229,1/18/21, € 0.83 ,0.954336796
2/3/21,0.79,44230,1/18/21, € 0.83 ,0.954336796
2/4/21,0.8,44231,1/18/21, € 0.83 ,0.966417009
2/5/21,0.81,44232,1/18/21, € 0.83 ,0.978497222
2/8/21,0.82,44235,1/18/21, € 0.83 ,0.990577434
2/9/21,0.83,44236,2/9/21, € 0.83 ,1.006060606
2/10/21,0.85,44237,2/9/21, € 0.83 ,1.03030303
2/11/21,0.84,44238,2/9/21, € 0.83 ,1.018181818
2/12/21,0.84,44239,2/9/21, € 0.83 ,1.018181818
2/15/21,0.84,#N/A,2/9/21, € 0.83 ,1.018181818
2/16/21,0.84,44243,2/9/21, € 0.83 ,1.018181818
2/17/21,0.84,44244,2/9/21, € 0.83 ,1.018181818
2/18/21,0.83,44245,2/9/21, € 0.83 ,1.006060606
2/19/21,0.83,44246,2/9/21, € 0.83 ,1.006060606
2/22/21,0.84,44249,2/9/21, € 0.83 ,1.018181818
2/23/21,0.83,44250,2/9/21, € 0.83 ,1.006060606
2/24/21,0.83,44251,2/9/21, € 0.83 ,1.006060606
2/25/21,0.82,44252,2/9/21, € 0.83 ,0.993939394
2/26/21,0.83,44253,2/9/21, € 0.83 ,1.006060606
3/1/21,0.83,44256,2/9/21, € 0.83 ,1.006060606
3/2/21,0.83,44257,2/9/21, € 0.83 ,1.006060606
3/3/21,0.83,44258,3/3/21, € 0.83 ,1.001447876
3/4/21,0.83,44259,3/3/21, € 0.83 ,1.001447876
3/5/21,0.82,44260,3/3/21, € 0.83 ,0.989382239
3/8/21,0.85,44263,3/3/21, € 0.83 ,1.025579151
3/9/21,0.86,44264,3/3/21, € 0.83 ,1.037644788
3/10/21,0.79,44265,3/3/21, € 0.83 ,0.953185328
3/11/21,0.79,44266,3/3/21, € 0.83 ,0.953185328
3/12/21,0.79,44267,3/3/21, € 0.83 ,0.953185328
3/15/21,0.8,44270,3/3/21, € 0.83 ,0.965250965
3/16/21,0.8,44271,3/3/21, € 0.83 ,0.965250965
3/17/21,0.8,44272,3/3/21, € 0.83 ,0.965250965
3/18/21,0.8,44273,3/3/21, € 0.83 ,0.965250965
3/19/21,0.79,44274,3/3/21, € 0.83 ,0.953185328
3/22/21,0.79,44277,3/3/21, € 0.83 ,0.953185328
3/23/21,0.78,44278,3/3/21, € 0.83 ,0.941119691
3/24/21,0.77,44279,3/3/21, € 0.83 ,0.929054054
3/25/21,0.78,44280,3/25/21, € 0.85 ,0.917647059
3/26/21,0.77,44281,3/25/21, € 0.85 ,0.905882353
3/29/21,0.78,44284,3/25/21, € 0.85 ,0.917647059
3/30/21,0.78,44285,3/25/21, € 0.85 ,0.917647059
3/31/21,0.78,44286,3/25/21, € 0.85 ,0.917647059
4/1/21,0.8,44287,3/25/21, € 0.85 ,0.941176471
4/6/21,0.79,44292,3/25/21, € 0.85 ,0.929411765
4/7/21,0.8,44293,3/25/21, € 0.85 ,0.941176471
4/8/21,0.79,44294,3/25/21, € 0.85 ,0.929411765
4/9/21,0.77,44295,3/25/21, € 0.85 ,0.905882353
4/12/21,0.76,44298,3/25/21, € 0.85 ,0.894117647
4/13/21,0.76,44299,3/25/21, € 0.85 ,0.894117647
4/14/21,0.76,44300,3/25/21, € 0.85 ,0.894117647
4/15/21,0.76,44301,3/25/21, € 0.85 ,0.894117647
4/16/21,0.77,44302,3/25/21, € 0.85 ,0.905882353
4/19/21,0.91,44305,3/25/21, € 0.85 ,1.070588235
4/20/21,0.87,44306,4/20/21, € 0.83 ,1.047183438
4/21/21,0.75,44307,4/20/21, € 0.83 ,0.902744343
4/22/21,0.76,44308,4/20/21, € 0.83 ,0.914780934
4/23/21,0.74,44309,4/20/21, € 0.83 ,0.890707752
4/26/21,0.73,44312,4/20/21, € 0.83 ,0.87867116
4/27/21,0.73,44313,4/20/21, € 0.83 ,0.87867116
4/28/21,0.73,44314,4/20/21, € 0.83 ,0.87867116
4/29/21,0.73,44315,4/20/21, € 0.83 ,0.87867116
4/30/21,0.73,44316,4/20/21, € 0.83 ,0.87867116
5/3/21,0.73,44319,4/20/21, € 0.83 ,0.87867116
5/4/21,0.72,#N/A,4/20/21, € 0.83 ,0.866634569
5/5/21,0.72,44321,4/20/21, € 0.83 ,0.866634569
5/6/21,0.72,44322,4/20/21, € 0.83 ,0.866634569
5/7/21,0.74,44323,4/20/21, € 0.83 ,0.890707752
5/10/21,0.7,44326,4/20/21, € 0.83 ,0.842561387
5/11/21,0.69,44327,4/20/21, € 0.83 ,0.830524795
5/12/21,0.7,44328,5/12/21, € 0.83 ,0.845206472
5/13/21,0.7,44329,5/12/21, € 0.83 ,0.845206472
5/14/21,0.7,44330,5/12/21, € 0.83 ,0.845206472
5/17/21,0.72,44333,5/12/21, € 0.83 ,0.869355228
5/18/21,0.72,44334,5/12/21, € 0.83 ,0.869355228
5/19/21,0.73,44335,5/12/21, € 0.83 ,0.881429606
5/21/21,0.74,44337,5/12/21, € 0.83 ,0.893503985
5/24/21,0.75,44340,5/12/21, € 0.83 ,0.905578363
5/25/21,0.75,44341,5/12/21, € 0.83 ,0.905578363
5/26/21,0.75,44342,5/12/21, € 0.83 ,0.905578363
5/27/21,0.76,44343,5/12/21, € 0.83 ,0.917652741
5/28/21,0.76,44344,5/12/21, € 0.83 ,0.917652741
5/31/21,0.76,#N/A,5/12/21, € 0.83 ,0.917652741
6/1/21,0.76,44348,5/12/21, € 0.83 ,0.917652741
6/2/21,0.77,44349,5/12/21, € 0.83 ,0.929727119
6/3/21,0.76,44350,5/12/21, € 0.83 ,0.917652741
6/4/21,0.76,44351,6/4/21, € 0.82 ,0.924799221
6/7/21,0.77,44354,6/4/21, € 0.82 ,0.936967632
6/8/21,0.77,44355,6/4/21, € 0.82 ,0.936967632
6/9/21,0.78,44356,6/4/21, € 0.82 ,0.949136043
6/10/21,0.77,44357,6/4/21, € 0.82 ,0.936967632
6/11/21,0.76,44358,6/4/21, € 0.82 ,0.924799221
6/14/21,0.76,44361,6/4/21, € 0.82 ,0.924799221
6/15/21,0.75,44362,6/4/21, € 0.82 ,0.91263081
6/16/21,0.76,44363,6/4/21, € 0.82 ,0.924799221
6/17/21,0.75,44364,6/4/21, € 0.82 ,0.91263081
6/18/21,0.74,44365,6/4/21, € 0.82 ,0.9004624
6/21/21,0.72,44368,6/4/21, € 0.82 ,0.876125578
6/22/21,0.72,44369,6/4/21, € 0.82 ,0.876125578
6/23/21,0.72,44370,6/4/21, € 0.82 ,0.876125578
6/24/21,0.74,44371,6/4/21, € 0.82 ,0.9004624
6/25/21,0.73,44372,6/4/21, € 0.82 ,0.888293989
6/28/21,0.73,44375,6/28/21, € 0.84 ,0.870706107
6/29/21,0.72,44376,6/28/21, € 0.84 ,0.858778626
6/30/21,0.72,44377,6/28/21, € 0.84 ,0.858778626
7/1/21,0.73,44378,6/28/21, € 0.84 ,0.870706107
7/2/21,0.73,44379,6/28/21, € 0.84 ,0.870706107
7/5/21,0.73,#N/A,6/28/21, € 0.84 ,0.870706107
7/6/21,0.74,44383,6/28/21, € 0.84 ,0.882633588
7/7/21,0.73,44384,6/28/21, € 0.84 ,0.870706107
7/8/21,0.72,44385,6/28/21, € 0.84 ,0.858778626
7/9/21,0.71,44386,6/28/21, € 0.84 ,0.846851145
7/12/21,0.72,44389,6/28/21, € 0.84 ,0.858778626
7/13/21,0.73,44390,6/28/21, € 0.84 ,0.870706107
7/14/21,0.74,44391,6/28/21, € 0.84 ,0.882633588
7/15/21,0.74,44392,6/28/21, € 0.84 ,0.882633588
7/16/21,0.74,44393,6/28/21, € 0.84 ,0.882633588
7/19/21,0.71,44396,6/28/21, € 0.84 ,0.846851145
7/20/21,0.71,44397,7/20/21, € 0.85 ,0.836573583
7/21/21,0.74,44398,7/20/21, € 0.85 ,0.871921763
7/22/21,0.73,44399,7/20/21, € 0.85 ,0.860139036
7/23/21,0.74,44400,7/20/21, € 0.85 ,0.871921763
7/26/21,0.74,44403,7/20/21, € 0.85 ,0.871921763
7/27/21,0.75,44404,7/20/21, € 0.85 ,0.883704489
7/28/21,0.74,44405,7/20/21, € 0.85 ,0.871921763
7/29/21,0.74,44406,7/20/21, € 0.85 ,0.871921763
7/30/21,0.73,44407,7/20/21, € 0.85 ,0.860139036
8/2/21,0.75,44410,7/20/21, € 0.85 ,0.883704489
8/3/21,0.75,44411,7/20/21, € 0.85 ,0.883704489
8/4/21,0.74,44412,7/20/21, € 0.85 ,0.871921763
8/5/21,0.75,44413,7/20/21, € 0.85 ,0.883704489
8/6/21,0.75,44414,7/20/21, € 0.85 ,0.883704489
8/9/21,0.75,44417,7/20/21, € 0.85 ,0.883704489
8/10/21,0.75,44418,7/20/21, € 0.85 ,0.883704489
8/11/21,0.76,44419,8/11/21, € 0.85 ,0.892332981
8/12/21,0.76,44420,8/11/21, € 0.85 ,0.892332981
8/13/21,0.76,44421,8/11/21, € 0.85 ,0.892332981
8/16/21,0.78,44424,8/11/21, € 0.85 ,0.915815428
8/17/21,0.79,44425,8/11/21, € 0.85 ,0.927556651
8/18/21,0.78,44426,8/11/21, € 0.85 ,0.915815428
8/19/21,0.78,44427,8/11/21, € 0.85 ,0.915815428
8/20/21,0.76,44428,8/11/21, € 0.85 ,0.892332981
8/23/21,0.77,44431,8/11/21, € 0.85 ,0.904074205
8/24/21,0.77,44432,8/11/21, € 0.85 ,0.904074205
8/25/21,0.76,44433,8/11/21, € 0.85 ,0.892332981
8/26/21,0.77,44434,8/11/21, € 0.85 ,0.904074205
8/27/21,0.78,44435,8/11/21, € 0.85 ,0.915815428
8/30/21,0.77,44438,8/11/21, € 0.85 ,0.904074205
8/31/21,0.76,44439,8/11/21, € 0.85 ,0.892332981
9/1/21,0.76,44440,8/11/21, € 0.85 ,0.892332981
9/2/21,0.76,44441,9/2/21, € 0.84 ,0.902612827
9/3/21,0.75,44442,9/2/21, € 0.84 ,0.890736342
9/6/21,0.75,#N/A,9/2/21, € 0.84 ,0.890736342
9/7/21,0.75,44446,9/2/21, € 0.84 ,0.890736342
9/8/21,0.74,44447,9/2/21, € 0.84 ,0.878859857
9/9/21,0.74,44448,9/2/21, € 0.84 ,0.878859857
9/10/21,0.72,44449,9/2/21, € 0.84 ,0.855106888
9/13/21,0.73,44452,9/2/21, € 0.84 ,0.866983373
9/14/21,0.74,44453,9/2/21, € 0.84 ,0.878859857
9/15/21,0.72,44454,9/2/21, € 0.84 ,0.855106888
9/16/21,0.72,44455,9/2/21, € 0.84 ,0.855106888
9/17/21,0.72,44456,9/2/21, € 0.84 ,0.855106888
9/20/21,0.73,44459,9/2/21, € 0.84 ,0.866983373
9/21/21,0.71,44460,9/2/21, € 0.84 ,0.843230404
9/22/21,0.72,44461,9/2/21, € 0.84 ,0.855106888
9/23/21,0.72,44462,9/2/21, € 0.84 ,0.855106888
9/24/21,0.72,44463,9/24/21, € 0.85 ,0.843684087
9/27/21,0.73,44466,9/24/21, € 0.85 ,0.855401922
9/28/21,0.72,44467,9/24/21, € 0.85 ,0.843684087
9/29/21,0.72,44468,9/24/21, € 0.85 ,0.843684087
9/30/21,0.72,44469,9/24/21, € 0.85 ,0.843684087
10/1/21,0.73,44470,9/24/21, € 0.85 ,0.855401922
10/4/21,0.73,44473,9/24/21, € 0.85 ,0.855401922
10/5/21,0.73,44474,9/24/21, € 0.85 ,0.855401922
10/6/21,0.71,44475,9/24/21, € 0.85 ,0.831966253
10/7/21,0.71,44476,9/24/21, € 0.85 ,0.831966253
10/8/21,0.71,44477,9/24/21, € 0.85 ,0.831966253
10/11/21,0.71,44480,9/24/21, € 0.85 ,0.831966253
10/12/21,0.71,44481,9/24/21, € 0.85 ,0.831966253
10/13/21,0.71,44482,9/24/21, € 0.85 ,0.831966253
10/14/21,0.73,44483,9/24/21, € 0.85 ,0.855401922
10/15/21,0.72,44484,9/24/21, € 0.85 ,0.843684087
10/18/21,0.72,44487,10/18/21, € 0.86 ,0.836139821
10/19/21,0.72,44488,10/18/21, € 0.86 ,0.836139821
10/20/21,0.73,44489,10/18/21, € 0.86 ,0.847752874
10/21/21,0.73,44490,10/18/21, € 0.86 ,0.847752874
10/22/21,0.73,44491,10/18/21, € 0.86 ,0.847752874
10/25/21,0.72,44494,10/18/21, € 0.86 ,0.836139821
10/26/21,0.72,44495,10/18/21, € 0.86 ,0.836139821
10/27/21,0.71,44496,10/18/21, € 0.86 ,0.824526768
10/28/21,0.71,44497,10/18/21, € 0.86 ,0.824526768
10/29/21,0.7,44498,10/18/21, € 0.86 ,0.812913715
11/1/21,0.72,44501,10/18/21, € 0.86 ,0.836139821
11/2/21,0.71,44502,10/18/21, € 0.86 ,0.824526768
11/3/21,0.7,44503,10/18/21, € 0.86 ,0.812913715
11/4/21,0.71,44504,10/18/21, € 0.86 ,0.824526768
11/5/21,0.72,44505,10/18/21, € 0.86 ,0.836139821
11/8/21,0.71,44508,10/18/21, € 0.86 ,0.824526768
11/9/21,0.7,44509,11/9/21, € 0.86 ,0.811688312
11/10/21,0.7,44510,11/9/21, € 0.86 ,0.811688312
11/11/21,0.7,44511,11/9/21, € 0.86 ,0.811688312
11/12/21,0.69,44512,11/9/21, € 0.86 ,0.800092764
11/15/21,0.68,44515,11/9/21, € 0.86 ,0.788497217
11/16/21,0.67,44516,11/9/21, € 0.86 ,0.77690167
11/17/21,0.68,44517,11/9/21, € 0.86 ,0.788497217
11/18/21,0.68,44518,11/9/21, € 0.86 ,0.788497217
11/19/21,0.68,44519,11/9/21, € 0.86 ,0.788497217
11/22/21,0.68,44522,11/9/21, € 0.86 ,0.788497217
11/23/21,0.63,44523,11/9/21, € 0.86 ,0.730519481
11/24/21,0.61,44524,11/9/21, € 0.86 ,0.707328386
11/25/21,0.62,#N/A,11/9/21, € 0.86 ,0.718923933
11/26/21,0.57,44526,11/9/21, € 0.86 ,0.660946197
11/29/21,0.43,44529,11/9/21, € 0.86 ,0.498608534
11/30/21,0.43,44530,11/9/21, € 0.86 ,0.498608534
12/1/21,0.43,44531,12/1/21, € 0.88 ,0.486810823
12/2/21,0.41,44532,12/1/21, € 0.88 ,0.464168459
12/3/21,0.41,44533,12/1/21, € 0.88 ,0.464168459
12/6/21,0.43,44536,12/1/21, € 0.88 ,0.486810823
12/7/21,0.43,44537,12/1/21, € 0.88 ,0.486810823
12/8/21,0.44,44538,12/1/21, € 0.88 ,0.498132005
12/9/21,0.42,44539,12/1/21, € 0.88 ,0.475489641
12/10/21,0.42,44540,12/1/21, € 0.88 ,0.475489641
12/13/21,0.41,44543,12/1/21, € 0.88 ,0.464168459
12/14/21,0.39,44544,12/1/21, € 0.88 ,0.441526095
12/15/21,0.39,44545,12/1/21, € 0.88 ,0.441526095
12/16/21,0.38,44546,12/1/21, € 0.88 ,0.430204913
12/17/21,0.36,44547,12/1/21, € 0.88 ,0.40756255
12/20/21,0.34,44550,12/1/21, € 0.88 ,0.384920186
12/21/21,0.36,44551,12/1/21, € 0.88 ,0.40756255
12/22/21,0.34,44552,12/1/21, € 0.88 ,0.384920186
12/23/21,0.34,44553,12/23/21, € 0.88 ,0.38522547
12/27/21,0.35,44557,12/23/21, € 0.88 ,0.396555631
12/28/21,0.35,44558,12/23/21, € 0.88 ,0.396555631
12/29/21,0.34,44559,12/23/21, € 0.88 ,0.38522547
12/30/21,0.35,44560,12/23/21, € 0.88 ,0.396555631
1/3/22,0.36,44564,12/23/21, € 0.88 ,0.407885792
1/4/22,0.38,44565,12/23/21, € 0.88 ,0.430546114
1/5/22,0.37,44566,12/23/21, € 0.88 ,0.419215953
1/6/22,0.37,44567,12/23/21, € 0.88 ,0.419215953
1/7/22,0.36,44568,12/23/21, € 0.88 ,0.407885792
1/10/22,0.34,44571,12/23/21, € 0.88 ,0.38522547
1/11/22,0.34,44572,12/23/21, € 0.88 ,0.38522547
1/12/22,0.34,44573,12/23/21, € 0.88 ,0.38522547
1/13/22,0.34,44574,12/23/21, € 0.88 ,0.38522547
1/14/22,0.34,44575,12/23/21, € 0.88 ,0.38522547
1/17/22,0.34,#N/A,12/23/21, € 0.88 ,0.38522547
1/18/22,0.35,44579,1/18/22, € 0.88 ,0.396510706
1/19/22,0.35,44580,1/18/22, € 0.88 ,0.396510706
1/20/22,0.36,44581,1/18/22, € 0.88 ,0.407839583
1/21/22,0.35,44582,1/18/22, € 0.88 ,0.396510706
1/24/22,0.34,44585,1/18/22, € 0.88 ,0.385181828
1/25/22,0.36,44586,1/18/22, € 0.88 ,0.407839583
1/26/22,0.38,44587,1/18/22, € 0.88 ,0.430497338
1/27/22,0.39,44588,1/18/22, € 0.88 ,0.441826215
1/28/22,0.39,44589,1/18/22, € 0.88 ,0.441826215
1/31/22,0.38,44592,1/18/22, € 0.88 ,0.430497338
2/1/22,0.37,44593,1/18/22, € 0.88 ,0.41916846
2/2/22,0.37,44594,1/18/22, € 0.88 ,0.41916846
2/3/22,0.37,44595,1/18/22, € 0.88 ,0.41916846
2/4/22,0.36,44596,1/18/22, € 0.88 ,0.407839583
2/7/22,0.36,44599,1/18/22, € 0.88 ,0.407839583
2/8/22,0.38,44600,1/18/22, € 0.88 ,0.430497338
2/9/22,0.38,44601,2/9/22, € 0.88 ,0.434186472
2/10/22,0.4,44602,2/9/22, € 0.88 ,0.457038391
2/11/22,0.39,44603,2/9/22, € 0.88 ,0.445612431
2/14/22,0.38,44606,2/9/22, € 0.88 ,0.434186472
2/15/22,0.37,44607,2/9/22, € 0.88 ,0.422760512
2/16/22,0.37,44608,2/9/22, € 0.88 ,0.422760512
2/17/22,0.36,44609,2/9/22, € 0.88 ,0.411334552
2/18/22,0.36,44610,2/9/22, € 0.88 ,0.411334552
2/21/22,0.36,#N/A,2/9/22, € 0.88 ,0.411334552
2/22/22,0.36,44614,2/9/22, € 0.88 ,0.411334552
2/23/22,0.35,44615,2/9/22, € 0.88 ,0.399908592
2/24/22,0.33,44616,2/9/22, € 0.88 ,0.377056673
2/25/22,0.34,44617,2/9/22, € 0.88 ,0.388482633
2/28/22,0.35,44620,2/9/22, € 0.88 ,0.399908592
3/1/22,0.34,44621,2/9/22, € 0.88 ,0.388482633
3/2/22,0.34,44622,2/9/22, € 0.88 ,0.388482633
3/3/22,0.33,44623,3/3/22, € 0.90 ,0.365246265
3/4/22,0.31,44624,3/3/22, € 0.90 ,0.343110127
3/7/22,0.29,44627,3/3/22, € 0.90 ,0.32097399
3/8/22,0.3,44628,3/3/22, € 0.90 ,0.332042059
3/9/22,0.32,44629,3/3/22, € 0.90 ,0.354178196
3/10/22,0.32,44630,3/3/22, € 0.90 ,0.354178196
3/11/22,0.33,44631,3/3/22, € 0.90 ,0.365246265
3/14/22,0.34,44634,3/3/22, € 0.90 ,0.376314333
3/15/22,0.33,44635,3/3/22, € 0.90 ,0.365246265
3/16/22,0.34,44636,3/3/22, € 0.90 ,0.376314333
3/17/22,0.31,44637,3/3/22, € 0.90 ,0.343110127
3/18/22,0.32,44638,3/3/22, € 0.90 ,0.354178196
3/21/22,0.33,44641,3/3/22, € 0.90 ,0.365246265
3/22/22,0.33,44642,3/3/22, € 0.90 ,0.365246265
3/23/22,0.33,44643,3/3/22, € 0.90 ,0.365246265
3/24/22,0.32,44644,3/3/22, € 0.90 ,0.354178196
3/25/22,0.32,44645,3/25/22, € 0.91 ,0.351532462
3/28/22,0.32,44648,3/25/22, € 0.91 ,0.351532462
3/29/22,0.33,44649,3/25/22, € 0.91 ,0.362517851
3/30/22,0.33,44650,3/25/22, € 0.91 ,0.362517851
3/31/22,0.33,44651,3/25/22, € 0.91 ,0.362517851
4/1/22,0.34,44652,3/25/22, € 0.91 ,0.373503241
4/4/22,0.34,44655,3/25/22, € 0.91 ,0.373503241
4/5/22,0.33,44656,3/25/22, € 0.91 ,0.362517851
4/6/22,0.32,44657,3/25/22, € 0.91 ,0.351532462
4/7/22,0.31,44658,3/25/22, € 0.91 ,0.340547072
4/8/22,0.32,44659,3/25/22, € 0.91 ,0.351532462
4/11/22,0.32,44662,3/25/22, € 0.91 ,0.351532462
4/12/22,0.32,44663,3/25/22, € 0.91 ,0.351532462
4/13/22,0.32,44664,3/25/22, € 0.91 ,0.351532462
4/14/22,0.32,44665,3/25/22, € 0.91 ,0.351532462
4/19/22,0.32,44670,3/25/22, € 0.91 ,0.351532462
4/20/22,0.32,44671,4/20/22, € 0.92 ,0.347372992
4/21/22,0.32,44672,4/20/22, € 0.92 ,0.347372992
4/22/22,0.31,44673,4/20/22, € 0.92 ,0.336517586
4/25/22,0.32,44676,4/20/22, € 0.92 ,0.347372992
4/26/22,0.31,44677,4/20/22, € 0.92 ,0.336517586
4/27/22,0.3,44678,4/20/22, € 0.92 ,0.32566218
4/28/22,0.3,44679,4/20/22, € 0.92 ,0.32566218
4/29/22,0.31,44680,4/20/22, € 0.92 ,0.336517586
5/2/22,0.31,44683,4/20/22, € 0.92 ,0.336517586
5/3/22,0.32,44684,4/20/22, € 0.92 ,0.347372992
5/4/22,0.31,44685,4/20/22, € 0.92 ,0.336517586
5/5/22,0.31,44686,4/20/22, € 0.92 ,0.336517586
5/6/22,0.31,44687,4/20/22, € 0.92 ,0.336517586
5/9/22,0.3,44690,4/20/22, € 0.92 ,0.32566218
5/10/22,0.3,44691,4/20/22, € 0.92 ,0.32566218
5/11/22,0.31,44692,4/20/22, € 0.92 ,0.336517586
5/12/22,0.31,44693,5/12/22, € 0.96 ,0.321810443
5/13/22,0.31,44694,5/12/22, € 0.96 ,0.321810443
5/16/22,0.32,44697,5/12/22, € 0.96 ,0.332191425
5/17/22,0.32,44698,5/12/22, € 0.96 ,0.332191425
5/18/22,0.32,44699,5/12/22, € 0.96 ,0.332191425
5/19/22,0.33,44700,5/12/22, € 0.96 ,0.342572407
5/20/22,0.34,44701,5/12/22, € 0.96 ,0.352953389
5/23/22,0.35,44704,5/12/22, € 0.96 ,0.363334371
5/24/22,0.34,44705,5/12/22, € 0.96 ,0.352953389
5/25/22,0.35,44706,5/12/22, € 0.96 ,0.363334371
5/26/22,0.37,44707,5/12/22, € 0.96 ,0.384096336
5/27/22,0.37,44708,5/12/22, € 0.96 ,0.384096336
5/30/22,0.38,#N/A,5/12/22, € 0.96 ,0.394477318
5/31/22,0.39,44712,5/12/22, € 0.96 ,0.4048583
6/1/22,0.39,44713,5/12/22, € 0.96 ,0.4048583
6/2/22,0.4,44714,5/12/22, € 0.96 ,0.415239282
6/3/22,0.39,44715,6/3/22, € 0.93 ,0.418140881
6/6/22,0.39,44718,6/3/22, € 0.93 ,0.418140881
6/7/22,0.39,44719,6/3/22, € 0.93 ,0.418140881
6/8/22,0.39,44720,6/3/22, € 0.93 ,0.418140881
6/9/22,0.38,44721,6/3/22, € 0.93 ,0.40741932
6/10/22,0.36,44722,6/3/22, € 0.93 ,0.385976198
6/13/22,0.34,44725,6/3/22, € 0.93 ,0.364533076
6/14/22,0.34,44726,6/3/22, € 0.93 ,0.364533076
6/15/22,0.35,44727,6/3/22, € 0.93 ,0.375254637
6/16/22,0.34,44728,6/3/22, € 0.93 ,0.364533076
6/17/22,0.35,44729,6/3/22, € 0.93 ,0.375254637
6/20/22,0.37,#N/A,6/3/22, € 0.93 ,0.396697759
6/21/22,0.37,44733,6/3/22, € 0.93 ,0.396697759
6/22/22,0.37,44734,6/3/22, € 0.93 ,0.396697759
6/23/22,0.38,44735,6/3/22, € 0.93 ,0.40741932
6/24/22,0.38,44736,6/3/22, € 0.93 ,0.40741932
6/27/22,0.37,44739,6/27/22, € 0.94 ,0.391658728
6/28/22,0.37,44740,6/27/22, € 0.94 ,0.391658728
6/29/22,0.37,44741,6/27/22, € 0.94 ,0.391658728
6/30/22,0.36,44742,6/27/22, € 0.94 ,0.381073357
7/1/22,0.36,44743,6/27/22, € 0.94 ,0.381073357
7/4/22,0.36,#N/A,6/27/22, € 0.94 ,0.381073357
7/5/22,0.36,44747,6/27/22, € 0.94 ,0.381073357
7/6/22,0.36,44748,6/27/22, € 0.94 ,0.381073357
7/7/22,0.37,44749,6/27/22, € 0.94 ,0.391658728
7/8/22,0.39,44750,6/27/22, € 0.94 ,0.41282947
7/11/22,0.37,44753,6/27/22, € 0.94 ,0.391658728
7/12/22,0.35,44754,6/27/22, € 0.94 ,0.370487986
7/13/22,0.35,44755,6/27/22, € 0.94 ,0.370487986
7/14/22,0.33,44756,6/27/22, € 0.94 ,0.349317244
7/15/22,0.34,44757,6/27/22, € 0.94 ,0.359902615
7/18/22,0.36,44760,6/27/22, € 0.94 ,0.381073357
7/19/22,0.36,44761,7/19/22, € 0.98 ,0.368211108
7/20/22,0.36,44762,7/19/22, € 0.98 ,0.368211108
7/21/22,0.35,44763,7/19/22, € 0.98 ,0.357983021
7/22/22,0.36,44764,7/19/22, € 0.98 ,0.368211108
7/25/22,0.36,44767,7/19/22, € 0.98 ,0.368211108
7/26/22,0.35,44768,7/19/22, € 0.98 ,0.357983021
7/27/22,0.36,44769,7/19/22, € 0.98 ,0.368211108
7/28/22,0.36,44770,7/19/22, € 0.98 ,0.368211108
7/29/22,0.36,44771,7/19/22, € 0.98 ,0.368211108
8/1/22,0.36,44774,7/19/22, € 0.98 ,0.368211108
8/2/22,0.36,44775,7/19/22, € 0.98 ,0.368211108
8/3/22,0.37,44776,7/19/22, € 0.98 ,0.378439194
8/4/22,0.36,44777,7/19/22, € 0.98 ,0.368211108
8/5/22,0.36,44778,7/19/22, € 0.98 ,0.368211108
8/8/22,0.36,44781,7/19/22, € 0.98 ,0.368211108
8/9/22,0.36,44782,7/19/22, € 0.98 ,0.368211108
8/10/22,0.37,44783,8/10/22, € 0.97 ,0.381128966
8/11/22,0.38,44784,8/10/22, € 0.97 ,0.391429749
8/12/22,0.38,44785,8/10/22, € 0.97 ,0.391429749
8/16/22,0.38,44789,8/10/22, € 0.97 ,0.391429749
8/17/22,0.38,44790,8/10/22, € 0.97 ,0.391429749
8/18/22,0.38,44791,8/10/22, € 0.97 ,0.391429749
8/19/22,0.38,44792,8/10/22, € 0.97 ,0.391429749
8/22/22,0.37,44795,8/10/22, € 0.97 ,0.381128966
8/23/22,0.35,44796,8/10/22, € 0.97 ,0.3605274
8/24/22,0.36,44797,8/10/22, € 0.97 ,0.370828183
8/25/22,0.37,44798,8/10/22, € 0.97 ,0.381128966
8/26/22,0.36,44799,8/10/22, € 0.97 ,0.370828183
8/29/22,0.36,44802,8/10/22, € 0.97 ,0.370828183
8/30/22,0.36,44803,8/10/22, € 0.97 ,0.370828183
8/31/22,0.36,44804,8/10/22, € 0.97 ,0.370828183
9/1/22,0.35,44805,8/10/22, € 0.97 ,0.3605274
9/2/22,0.36,44806,9/2/22, € 1.00 ,0.358387257
9/6/22,0.35,44810,9/2/22, € 1.00 ,0.348432056
9/7/22,0.35,44811,9/2/22, € 1.00 ,0.348432056
9/8/22,0.35,44812,9/2/22, € 1.00 ,0.348432056
9/9/22,0.35,44813,9/2/22, € 1.00 ,0.348432056
9/12/22,0.35,44816,9/2/22, € 1.00 ,0.348432056
9/13/22,0.35,44817,9/2/22, € 1.00 ,0.348432056
9/14/22,0.35,44818,9/2/22, € 1.00 ,0.348432056
9/15/22,0.34,44819,9/2/22, € 1.00 ,0.338476854
9/16/22,0.33,44820,9/2/22, € 1.00 ,0.328521653
9/19/22,0.33,44823,9/2/22, € 1.00 ,0.328521653
9/20/22,0.32,44824,9/2/22, € 1.00 ,0.318566451
9/21/22,0.32,44825,9/2/22, € 1.00 ,0.318566451
9/22/22,0.32,44826,9/2/22, € 1.00 ,0.318566451
9/23/22,0.31,44827,9/2/22, € 1.00 ,0.308611249
9/26/22,0.3,44830,9/2/22, € 1.00 ,0.298656048
9/27/22,0.29,44831,9/27/22, € 1.04 ,0.278284234
9/28/22,0.29,44832,9/27/22, € 1.04 ,0.278284234
9/29/22,0.3,44833,9/27/22, € 1.04 ,0.287880242
9/30/22,0.29,44834,9/27/22, € 1.04 ,0.278284234
10/3/22,0.29,44837,9/27/22, € 1.04 ,0.278284234
10/4/22,0.3,44838,9/27/22, € 1.04 ,0.287880242
10/5/22,0.3,44839,9/27/22, € 1.04 ,0.287880242
10/6/22,0.29,44840,9/27/22, € 1.04 ,0.278284234
10/7/22,0.29,44841,9/27/22, € 1.04 ,0.278284234
10/10/22,0.28,44844,9/27/22, € 1.04 ,0.268688226
10/11/22,0.28,44845,9/27/22, € 1.04 ,0.268688226
10/12/22,0.27,44846,9/27/22, € 1.04 ,0.259092218
10/13/22,0.28,44847,9/27/22, € 1.04 ,0.268688226
10/14/22,0.28,44848,9/27/22, € 1.04 ,0.268688226
10/17/22,0.29,44851,9/27/22, € 1.04 ,0.278284234
10/18/22,0.29,44852,9/27/22, € 1.04 ,0.278284234
10/19/22,0.29,44853,10/19/22, € 1.02 ,0.283479961
10/20/22,0.3,44854,10/19/22, € 1.02 ,0.293255132
10/21/22,0.3,44855,10/19/22, € 1.02 ,0.293255132
10/24/22,0.29,44858,10/19/22, € 1.02 ,0.283479961
10/25/22,0.29,44859,10/19/22, € 1.02 ,0.283479961
10/26/22,0.29,44860,10/19/22, € 1.02 ,0.283479961
10/27/22,0.28,44861,10/19/22, € 1.02 ,0.27370479
10/28/22,0.28,44862,10/19/22, € 1.02 ,0.27370479
10/31/22,0.28,44865,10/19/22, € 1.02 ,0.27370479
11/1/22,0.27,44866,10/19/22, € 1.02 ,0.263929619
11/2/22,0.27,44867,10/19/22, € 1.02 ,0.263929619
11/3/22,0.27,44868,10/19/22, € 1.02 ,0.263929619
11/4/22,0.27,44869,10/19/22, € 1.02 ,0.263929619
11/7/22,0.29,44872,10/19/22, € 1.02 ,0.283479961
11/8/22,0.28,44873,10/19/22, € 1.02 ,0.27370479
11/9/22,0.28,44874,10/19/22, € 1.02 ,0.27370479
11/10/22,0.29,44875,11/10/22, € 0.98 ,0.296099653
11/11/22,0.3,44876,11/10/22, € 0.98 ,0.306309986
11/14/22,0.3,44879,11/10/22, € 0.98 ,0.306309986
11/15/22,0.29,44880,11/10/22, € 0.98 ,0.296099653
11/16/22,0.28,44881,11/10/22, € 0.98 ,0.28588932
11/17/22,0.28,44882,11/10/22, € 0.98 ,0.28588932
11/18/22,0.28,44883,11/10/22, € 0.98 ,0.28588932
11/21/22,0.27,44886,11/10/22, € 0.98 ,0.275678987
11/22/22,0.27,44887,11/10/22, € 0.98 ,0.275678987
11/23/22,0.28,44888,11/10/22, € 0.98 ,0.28588932
11/25/22,0.28,44890,11/10/22, € 0.98 ,0.28588932
11/28/22,0.28,44893,11/10/22, € 0.98 ,0.28588932
11/29/22,0.28,44894,11/10/22, € 0.98 ,0.28588932
11/30/22,0.27,44895,11/10/22, € 0.98 ,0.275678987
12/1/22,0.28,44896,11/10/22, € 0.98 ,0.28588932
12/2/22,0.27,44897,11/10/22, € 0.98 ,0.275678987
12/5/22,0.27,44900,12/5/22, € 0.95 ,0.283315845
12/6/22,0.26,44901,12/5/22, € 0.95 ,0.272822665
12/7/22,0.25,44902,12/5/22, € 0.95 ,0.262329486
12/8/22,0.25,44903,12/5/22, € 0.95 ,0.262329486
12/9/22,0.25,44904,12/5/22, € 0.95 ,0.262329486
12/12/22,0.25,44907,12/5/22, € 0.95 ,0.262329486
12/13/22,0.25,44908,12/5/22, € 0.95 ,0.262329486
12/14/22,0.26,44909,12/5/22, € 0.95 ,0.272822665
12/15/22,0.28,44910,12/5/22, € 0.95 ,0.293809024
12/16/22,0.28,44911,12/5/22, € 0.95 ,0.293809024
12/19/22,0.28,44914,12/5/22, € 0.95 ,0.293809024
12/20/22,0.29,44915,12/5/22, € 0.95 ,0.304302204
12/21/22,0.29,44916,12/5/22, € 0.95 ,0.304302204
12/22/22,0.3,44917,12/5/22, € 0.95 ,0.314795383
12/23/22,0.31,44918,12/5/22, € 0.95 ,0.325288562
12/27/22,0.32,44922,12/5/22, € 0.95 ,0.335781742
12/28/22,0.31,44923,12/28/22, € 0.94 ,0.329017194
12/29/22,0.32,44924,12/28/22, € 0.94 ,0.339630652
12/30/22,0.32,44925,12/28/22, € 0.94 ,0.339630652
1/3/23,0.36,44929,12/28/22, € 0.94 ,0.382084483
1/4/23,0.37,44930,12/28/22, € 0.94 ,0.392697941
1/5/23,0.36,44931,12/28/22, € 0.94 ,0.382084483
1/6/23,0.37,44932,12/28/22, € 0.94 ,0.392697941
1/9/23,0.36,44935,12/28/22, € 0.94 ,0.382084483
1/10/23,0.35,44936,12/28/22, € 0.94 ,0.371471025
1/11/23,0.35,44937,12/28/22, € 0.94 ,0.371471025
1/12/23,0.34,44938,12/28/22, € 0.94 ,0.360857567
1/13/23,0.33,44939,12/28/22, € 0.94 ,0.35024411
1/17/23,0.34,44943,12/28/22, € 0.94 ,0.360857567
1/18/23,0.34,44944,12/28/22, € 0.94 ,0.360857567
1/19/23,0.33,44945,12/28/22, € 0.94 ,0.35024411
1/20/23,0.33,44946,12/28/22, € 0.94 ,0.35024411
1/23/23,0.31,44949,1/23/23, € 0.92 ,0.337029789
1/24/23,0.31,44950,1/23/23, € 0.92 ,0.337029789
1/25/23,0.31,44951,1/23/23, € 0.92 ,0.337029789
1/26/23,0.31,44952,1/23/23, € 0.92 ,0.337029789
1/27/23,0.3,44953,1/23/23, € 0.92 ,0.32615786
1/30/23,0.29,44956,1/23/23, € 0.92 ,0.315285932
1/31/23,0.3,44957,1/23/23, € 0.92 ,0.32615786
2/1/23,0.3,44958,1/23/23, € 0.92 ,0.32615786
2/2/23,0.3,44959,1/23/23, € 0.92 ,0.32615786
2/3/23,0.3,44960,1/23/23, € 0.92 ,0.32615786