2/5/18,19.05,43136,
2/6/18,18.8,43137,
2/7/18,19,43138,
2/8/18,18.95,43139,
2/9/18,19.05,43140,
2/12/18,20.1,43143,
2/13/18,19.65,43144,
2/14/18,19.65,43145,
2/15/18,19.4,43146,
2/16/18,19.15,43147,
2/20/18,19.45,43151,
2/21/18,19.9,43152,
2/22/18,19.75,43153,
2/23/18,19.7,43154,
2/26/18,19.7,43157,
2/27/18,19.55,43158,
2/28/18,19.7,43159,
3/1/18,19.5,43160,
3/2/18,19.3,43161,
3/5/18,19.5,43164,
3/6/18,19.5,43165,
3/7/18,19.6,43166,
3/8/18,19.65,43167,
3/9/18,19.65,43168,
3/12/18,19.7,43171,
3/13/18,19.65,43172,
3/14/18,20,43173,
3/15/18,19.95,43174,
3/16/18,19.75,43175,
3/19/18,19.85,43178,
3/20/18,19.75,43179,
3/21/18,19.45,43180,
3/22/18,19.5,43181,
3/23/18,19.1,43182,
3/26/18,18.85,43185,
3/27/18,18.8,43186,
3/28/18,18.65,43187,
3/29/18,19.2,43188,
4/2/18,19.45,43192,
4/3/18,19.2,43193,
4/4/18,19.75,43194,
4/5/18,19.55,43195,
4/6/18,19.3,43196,
4/9/18,19.4,43199,
4/10/18,19.85,43200,
4/11/18,19.75,43201,
4/12/18,19.35,43202,
4/13/18,19.25,43203,
4/16/18,19.05,43206,
4/17/18,19.1,43207,
4/18/18,19.05,43208,
4/19/18,18.6,43209,
4/20/18,18.5,43210,
4/23/18,19,43213,
4/24/18,19.35,43214,
4/25/18,19.1,43215,
4/26/18,18.95,43216,
4/27/18,18.7,43217,
4/30/18,18.6,43220,
5/1/18,18.8,43221,
5/2/18,19.2,43222,
5/3/18,19.15,43223,
5/4/18,19.55,43224,
5/7/18,19.2,43227,
5/8/18,19.1,43228,
5/9/18,19.05,43229,
5/10/18,19.25,43230,
5/11/18,19.65,43231,
5/14/18,19.7,43234,
5/15/18,20.5,43235,
5/16/18,21.1,43236,
5/17/18,20.4,43237,
5/18/18,20.7,43238,
5/21/18,21.1,43241,
5/22/18,20.9,43242,
5/23/18,20.9,43243,
5/24/18,20.8,43244,
5/25/18,21.05,43245,
5/29/18,20.8,43249,
5/30/18,20.9,43250,
5/31/18,20.95,43251,
6/1/18,21.1,43252,
6/4/18,21.2,43255,
6/5/18,21.35,43256,
6/6/18,21.45,43257,
6/7/18,21.3,43258,
6/8/18,21.5,43259,
6/11/18,21.45,43262,
6/12/18,21.85,43263,
6/13/18,21.85,43264,
6/14/18,20.45,43265,
6/15/18,20.9,43266,
6/18/18,21.2,43269,
6/19/18,21.65,43270,
6/20/18,20.95,43271,
6/21/18,20.8,43272,
6/22/18,20.95,43273,
6/25/18,20.5,43276,
6/26/18,20.5,43277,
6/27/18,20.6,43278,
6/28/18,20.7,43279,
6/29/18,20.6,43280,
7/2/18,20.6,43283,
7/3/18,20.65,43284,
7/5/18,21,43286,
7/6/18,20.9,43287,
7/9/18,21.35,43290,
7/10/18,21.15,43291,
7/11/18,21,43292,
7/12/18,20.9,43293,
7/13/18,21.5,43294,
7/16/18,21.4,43297,
7/17/18,21.5,43298,
7/18/18,21.25,43299,
7/19/18,21.35,43300,
7/20/18,21.25,43301,
7/23/18,21,43304,
7/24/18,21.1,43305,
7/25/18,21.2,43306,
7/26/18,21,43307,
7/27/18,20.7,43308,
7/30/18,20.6,43311,
7/31/18,20.7,43312,
8/1/18,20.6,43313,
8/2/18,20.65,43314,
8/3/18,20.55,43315,
8/6/18,20.75,43318,
8/7/18,21.4,43319,
8/8/18,21.55,43320,
8/9/18,21.9,43321,
8/10/18,22.1,43322,
8/13/18,22.25,43325,
8/14/18,22.8,43326,
8/15/18,22.55,43327,
8/16/18,22.65,43328,
8/17/18,23.65,43329,
8/20/18,23.85,43332,
8/21/18,23.1,43333,
8/22/18,23.75,43334,
8/23/18,24.6,43335,
8/24/18,25.2,43336,
8/27/18,25.8,43339,
8/28/18,25.5,43340,
8/29/18,25.4,43341,
8/30/18,25.15,43342,
8/31/18,26.2,43343,
9/4/18,25.9,43347,
9/5/18,26,43348,
9/6/18,25.7,43349,
9/7/18,25.4,43350,
9/10/18,25.1,43353,
9/11/18,24.9,43354,
9/12/18,25.55,43355,
9/13/18,24.95,43356,
9/14/18,25,43357,
9/17/18,24.5,43360,
9/18/18,23.75,43361,
9/19/18,23.6,43362,
9/20/18,23.75,43363,
9/21/18,24.1,43364,
9/24/18,23.9,43367,
9/25/18,23.4,43368,
9/26/18,22.55,43369,
9/27/18,22.7,43370,
9/28/18,22.5,43371,
10/1/18,22.04,43374,
10/2/18,21.89,43375,
10/3/18,21.82,43376,
10/4/18,21.31,43377,
10/5/18,21.12,43378,
10/8/18,21.14,43381,
10/9/18,21.69,43382,
10/10/18,20.41,43383,
10/11/18,20.65,43384,
10/12/18,21.23,43385,
10/15/18,22.39,43388,
10/16/18,22.74,43389,
10/17/18,22.3,43390,
10/18/18,21.13,43391,
10/19/18,21.28,43392,
10/22/18,21.2,43395,
10/23/18,21.42,43396,
10/24/18,21.07,43397,
10/25/18,21.25,43398,
10/26/18,21.17,43399,
10/29/18,20.79,43402,
10/30/18,21.06,43403,
10/31/18,20.94,43404,
11/1/18,21.33,43405,
11/2/18,21.26,43406,
11/5/18,21.25,43409,
11/6/18,21.74,43410,
11/7/18,22.24,43411,
11/8/18,22.09,43412,
11/9/18,21.82,43413,
11/12/18,21.43,43416,
11/13/18,21.12,43417,
11/14/18,21.8,43418,
11/15/18,20.45,43419,
11/16/18,20.86,43420,
11/19/18,19.92,43423,
11/20/18,18.19,43424,
11/21/18,18.61,43425,
11/23/18,18.65,43427,
11/26/18,19.45,43430,
11/27/18,19.25,43431,
11/28/18,19.4,43432,
11/29/18,18.8,43433,
11/30/18,18.4,43434,
12/3/18,17.98,43437,
12/4/18,17.58,43438,
12/6/18,17.63,43440,
12/7/18,17.29,43441,
12/10/18,17.25,43444,
12/11/18,18.14,43445,
12/12/18,18.17,43446,
12/13/18,17.92,43447,
12/14/18,17.49,43448,
12/17/18,17.3,43451,
12/18/18,18.3,43452,
12/19/18,18.94,43453,
12/20/18,18.8,43454,
12/21/18,18.4,43455,
12/24/18,18.05,43458,
12/26/18,18.38,43460,
12/27/18,18.52,43461,
12/28/18,18.74,43462,
12/31/18,18.98,43465,
1/2/19,18.7,43467,
1/3/19,18.45,43468,
1/4/19,18.9,43469,
1/7/19,19.24,43472,
1/8/19,19.07,43473,
1/9/19,19.03,43474,
1/10/19,18.75,43475,
1/11/19,18.96,43476,
1/14/19,19.35,43479,
1/15/19,19.31,43480,
1/16/19,19.2,43481,
1/17/19,19.47,43482,
1/18/19,19.55,43483,
1/22/19,19.23,43487,
1/23/19,19.25,43488,
1/24/19,19.05,43489,
1/25/19,19.11,43490,
1/28/19,19.22,43493,
1/29/19,19.37,43494,
1/30/19,19.4,43495,
1/31/19,19.3,43496,
2/1/19,19.25,43497,
2/4/19,19.09,43500,
2/5/19,19.64,43501,
2/6/19,19.34,43502,
2/7/19,19.1,43503,
2/8/19,19.17,43504,
2/11/19,19.52,43507,
2/12/19,19.84,43508,
2/13/19,19.88,43509,
2/14/19,19.2,43510,
2/15/19,19.5,43511,
2/19/19,20.2,43515,
2/20/19,20.18,43516,
2/21/19,20.01,43517,
2/22/19,21.2,43518,
2/25/19,21,43521,
2/26/19,21.21,43522,
2/27/19,20.56,43523,
2/28/19,20.14,43524,
3/1/19,20.29,43525,
3/4/19,20.08,43528,
3/5/19,19.95,43529,
3/6/19,19.7,43530,
3/7/19,20.09,43531,
3/8/19,20.07,43532,
3/11/19,20.03,43535,
3/12/19,19.63,43536,
3/13/19,19.81,43537,
3/14/19,19.8,43538,
3/15/19,19.93,43539,
3/18/19,19.85,43542,
3/19/19,19.65,43543,
3/20/19,19.4,43544,
3/21/19,19.6,43545,
3/22/19,19.55,43546,
3/25/19,19.59,43549,
3/26/19,19.71,43550,
3/27/19,19.6,43551,
3/28/19,19.63,43552,
3/29/19,19.22,43553,
4/1/19,19.79,43556,
4/2/19,19.67,43557,
4/3/19,19.59,43558,
4/4/19,19.74,43559,
4/5/19,19.82,43560,
4/8/19,19.8,43563,
4/9/19,19.58,43564,
4/10/19,19.61,43565,
4/11/19,19.66,43566,
4/12/19,19.97,43567,
4/15/19,19.85,43570,
4/16/19,20.05,43571,
4/17/19,19.83,43572,
4/18/19,19.9,43573,
4/22/19,19.71,43577,
4/23/19,19.76,43578,
4/24/19,19.75,43579,
4/25/19,19.49,43580,
4/26/19,19.72,43581,
4/29/19,19.68,43584,
4/30/19,19.71,43585,
5/1/19,19.51,43586,
5/2/19,19.36,43587,
5/3/19,19.39,43588,
5/6/19,19.15,43591,
5/7/19,18.79,43592,
5/8/19,18.74,43593,
5/9/19,18.82,43594,
5/10/19,18.94,43595,
5/13/19,18.88,43598,
5/14/19,18.98,43599,
5/15/19,18.48,43600,
5/16/19,19,43601,
5/17/19,19.04,43602,
5/20/19,18.55,43605,
5/21/19,18.59,43606,
5/22/19,18.79,43607,
5/23/19,18.43,43608,
5/24/19,18.39,43609,
5/28/19,18.14,43613,
5/29/19,18.02,43614,
5/30/19,18.5,43615,
5/31/19,18.26,43616,
6/3/19,18.09,43619,
6/4/19,18.24,43620,
6/5/19,18.29,43621,
6/6/19,18.2,43622,
6/7/19,18.02,43623,
6/10/19,17.89,43626,
6/11/19,17.9,43627,
6/12/19,17.92,43628,
6/13/19,18.04,43629,
6/14/19,17.87,43630,
6/17/19,17.91,43633,
6/18/19,17.82,43634,
6/19/19,17.98,43635,
6/20/19,17.9,43636,
6/21/19,17.75,43637,
6/24/19,17.64,43640,
6/25/19,17.42,43641,
6/26/19,18.12,43642,
6/27/19,18.16,43643,
6/28/19,18.08,43644,
7/1/19,18.21,43647,
7/2/19,17.99,43648,
7/3/19,18.11,43649,
7/5/19,18.26,43651,
7/8/19,18.35,43654,
7/9/19,18.55,43655,
7/10/19,18.69,43656,
7/11/19,18.55,43657,
7/12/19,18.35,43658,
7/15/19,18.23,43661,
7/16/19,18.05,43662,
7/17/19,18.01,43663,
7/18/19,18.02,43664,
7/19/19,18,43665,
7/22/19,17.9,43668,
7/23/19,18.12,43669,
7/24/19,17.95,43670,
7/25/19,18.01,43671,
7/26/19,18.03,43672,
7/29/19,17.88,43675,
7/30/19,17.98,43676,
7/31/19,17.96,43677,
8/1/19,18.01,43678,
8/2/19,17.87,43679,
8/5/19,17.51,43682,
8/6/19,17.32,43683,
8/7/19,17.16,43684,
8/8/19,17.78,43685,
8/9/19,17.75,43686,
8/12/19,17.78,43689,
8/13/19,17.6,43690,
8/14/19,17.34,43691,
8/15/19,17.17,43692,
8/16/19,17.36,43693,
8/19/19,17.8,43696,
8/20/19,17.66,43697,
8/21/19,17.35,43698,
8/22/19,17.46,43699,
8/23/19,17.01,43700,
8/26/19,16.94,43703,
8/27/19,16.83,43704,
8/28/19,17.2,43705,
8/29/19,17.46,43706,
8/30/19,17.1,43707,
9/3/19,17.08,43711,
9/4/19,17.3,43712,
9/5/19,17.39,43713,
9/6/19,17.31,43714,
9/9/19,17.13,43717,
9/10/19,17.04,43718,
9/11/19,17.14,43719,
9/12/19,17.2,43720,
9/13/19,17.3,43721,
9/16/19,17.98,43724,
9/17/19,17.75,43725,
9/18/19,17.78,43726,
9/19/19,17.71,43727,
9/20/19,17.5,43728,
9/23/19,17.24,43731,
9/24/19,16.5,43732,
9/25/19,16.65,43733,
9/26/19,16.35,43734,
9/27/19,16.41,43735,
9/30/19,16.43,43738,
10/1/19,16.09,43739,
10/2/19,16.03,43740,
10/3/19,16.21,43741,
10/4/19,16.01,43742,
10/7/19,16.11,43745,
10/8/19,15.91,43746,
10/9/19,15.33,43747,
10/10/19,15.78,43748,
10/11/19,16.16,43749,
10/14/19,15.91,43752,
10/15/19,16.04,43753,
10/16/19,16.13,43754,
10/17/19,16.14,43755,
10/18/19,15.92,43756,
10/21/19,16.22,43759,
10/22/19,16.11,43760,
10/23/19,16.47,43761,
10/24/19,16.71,43762,
10/25/19,16.9,43763,
10/28/19,17.13,43766,
10/29/19,17.01,43767,
10/30/19,17.02,43768,
10/31/19,16.73,43769,
11/1/19,17.11,43770,
11/4/19,17.19,43773,
11/5/19,16.81,43774,
11/6/19,16.52,43775,
11/7/19,16.72,43776,
11/8/19,16.63,43777,
11/11/19,16.77,43780,
11/12/19,16.46,43781,
11/13/19,16.31,43782,
11/14/19,16.24,43783,
11/15/19,16.24,43784,
11/18/19,16.3,43787,
11/19/19,15.99,43788,
11/20/19,16.22,43789,
11/21/19,16.57,43790,
11/22/19,16.58,43791,
11/25/19,16.65,43794,
11/26/19,16.74,43795,
11/27/19,18.62,43796,
11/29/19,18.48,43798,
12/2/19,18.1,43801,
12/3/19,18.05,43802,
12/4/19,18.39,43803,
12/5/19,18.28,43804,
12/6/19,18.69,43805,
12/9/19,18.45,43808,
12/10/19,18.53,43809,
12/11/19,18.43,43810,
12/12/19,18.34,43811,
12/13/19,18.38,43812,
12/16/19,18.55,43815,
12/17/19,18.47,43816,
12/18/19,18.65,43817,
12/19/19,18.93,43818,
12/20/19,19.04,43819,
12/23/19,19.72,43822,
12/24/19,19.61,43823,
12/26/19,19.63,43825,
12/27/19,19.81,43826,
12/30/19,19.92,43829,
12/31/19,19.93,43830,
1/2/20,19.92,43832,
1/3/20,20.35,43833,
1/6/20,20.25,43836,
1/7/20,20.3,43837,
1/8/20,20.09,43838,
1/9/20,19.97,43839,
1/10/20,20.06,43840,
1/13/20,20.34,43843,
1/14/20,20.21,43844,
1/15/20,20.32,43845,
1/16/20,20.28,43846,
1/17/20,20.25,43847,
1/21/20,19.85,43851,
1/22/20,19.72,43852,
1/23/20,18.99,43853,
1/24/20,19.05,43854,
1/27/20,18.97,43857,
1/28/20,19,43858,
1/29/20,19,43859,
1/30/20,18.99,43860,
1/31/20,18.57,43861,
2/3/20,19.02,43864,
2/4/20,19.29,43865,
2/5/20,19.55,43866,
2/6/20,19.22,43867,
2/7/20,19.31,43868,
2/10/20,19.1,43871,
2/11/20,19.36,43872,
2/12/20,19.18,43873,
2/13/20,18.93,43874,
2/14/20,19.2,43875,
2/18/20,19.24,43879,
2/19/20,19.12,43880,
2/20/20,19.34,43881,
2/21/20,19.29,43882,
2/24/20,19,43885,
2/25/20,18.04,43886,
2/26/20,18.2,43887,
2/27/20,18.04,43888,
2/28/20,17.49,43889,
3/2/20,18.12,43892,
3/3/20,17.19,43893,
3/4/20,17.45,43894,
3/5/20,16.93,43895,
3/6/20,17.08,43896,
3/9/20,16.08,43899,
3/10/20,16.49,43900,
3/11/20,15.42,43901,
3/12/20,13.29,43902,
3/13/20,14.33,43903,
3/16/20,12.66,43906,
3/17/20,13.41,43907,
3/18/20,12.55,43908,
3/19/20,13.39,43909,
3/20/20,13.29,43910,
3/23/20,13.4,43913,
3/24/20,15,43914,
3/25/20,15.53,43915,
3/26/20,15.86,43916,
3/27/20,15.58,43917,
3/30/20,15.72,43920,
3/31/20,15.05,43921,
4/1/20,14.28,43922,
4/2/20,14.66,43923,
4/3/20,13.98,43924,
4/6/20,14.6,43927,
4/7/20,14.73,43928,
4/8/20,15.12,43929,
4/9/20,15,43930,
4/13/20,14.96,43934,
4/14/20,15.32,43935,
4/15/20,14.79,43936,
4/16/20,15.02,43937,
4/17/20,16.27,43938,
4/20/20,16.01,43941,
4/21/20,16.13,43942,
4/22/20,16.57,43943,
4/23/20,16.22,43944,
4/24/20,15.49,43945,
4/27/20,15.53,43948,
4/28/20,16.21,43949,
4/29/20,16.54,43950,
4/30/20,16.81,43951,
5/1/20,16.02,43952,
5/4/20,15.97,43955,
5/5/20,16.13,43956,
5/6/20,15.87,43957,
5/7/20,15.81,43958,
5/8/20,16.09,43959,
5/11/20,16.8,43962,
5/12/20,16.6,43963,
5/13/20,15.87,43964,
5/14/20,15.91,43965,
5/15/20,16.05,43966,
5/18/20,16.62,43969,
5/19/20,16.16,43970,
5/20/20,16.43,43971,
5/21/20,15.92,43972,
5/22/20,15.69,43973,
5/26/20,15.84,43977,
5/27/20,16.66,43978,
5/28/20,16.61,43979,
5/29/20,16.63,43980,
6/1/20,16.7,43983,
6/2/20,17.25,43984,
6/3/20,17.45,43985,
6/4/20,17.72,43986,
6/5/20,17.28,43987,
6/8/20,17.58,43990,
6/9/20,17.1,43991,
6/10/20,16.52,43992,
6/11/20,16.12,43993,
6/12/20,16.08,43994,
6/15/20,16.14,43997,
6/16/20,16.14,43998,
6/17/20,16.36,43999,
6/18/20,16.48,44000,
6/19/20,16.22,44001,
6/22/20,15.9,44004,
6/23/20,15.84,44005,
6/24/20,15.51,44006,
6/25/20,15.55,44007,
6/26/20,15.1,44008,
6/29/20,15.31,44011,
6/30/20,15.83,44012,
7/1/20,15.75,44013,
7/2/20,16.22,44014,
7/6/20,16.25,44018,
7/7/20,15.98,44019,
7/8/20,15.63,44020,
7/9/20,15.1,44021,
7/10/20,15.02,44022,
7/13/20,15.16,44025,
7/14/20,15.05,44026,
7/15/20,15.04,44027,
7/16/20,15,44028,
7/17/20,14.98,44029,
7/20/20,15,44032,
7/21/20,15,44033,
7/22/20,14.94,44034,
7/23/20,14.72,44035,
7/24/20,14.94,44036,
7/27/20,14.98,44039,
7/28/20,14.92,44040,
7/29/20,14.75,44041,
7/30/20,14.47,44042,
7/31/20,13.99,44043,
8/3/20,14.52,44046,
8/4/20,14.69,44047,
8/5/20,15.13,44048,
8/6/20,15.14,44049,
8/7/20,15.06,44050,
8/10/20,15,44053,
8/11/20,15.06,44054,
8/12/20,15,44055,
8/13/20,15.09,44056,
8/14/20,15.18,44057,
8/17/20,14.87,44060,
8/18/20,15.07,44061,
8/19/20,15.05,44062,
8/20/20,15,44063,
8/21/20,14.87,44064,
8/24/20,15.11,44067,
8/25/20,15.22,44068,
8/26/20,15.38,44069,
8/27/20,15.43,44070,
8/28/20,15.49,44071,
8/31/20,15.38,44074,
9/1/20,15.43,44075,
9/2/20,15.55,44076,
9/3/20,15.3,44077,
9/4/20,15.13,44078,
9/8/20,16.36,44082,
9/9/20,16.52,44083,
9/10/20,16.38,44084,
9/11/20,16.27,44085,
9/14/20,16.23,44088,
9/15/20,16.35,44089,
9/16/20,16.43,44090,
9/17/20,16.34,44091,
9/18/20,15.71,44092,
9/21/20,15.26,44095,
9/22/20,15.1,44096,
9/23/20,14.7,44097,
9/24/20,14.55,44098,
9/25/20,14.8,44099,
9/28/20,14.76,44102,
9/29/20,14.6,44103,
9/30/20,14.54,44104,
10/1/20,14.52,44105,
10/2/20,14.57,44106,
10/5/20,14.39,44109,
10/6/20,14.22,44110,
10/7/20,14.15,44111,
10/8/20,14.59,44112,
10/9/20,14.3,44113,
10/12/20,14.45,44116,
10/13/20,14.27,44117,
10/14/20,14.18,44118,
10/15/20,13.94,44119,
10/16/20,13.81,44120,
10/19/20,13.48,44123,
10/20/20,13.32,44124,
10/21/20,14.56,44125,
10/22/20,14.18,44126,
10/23/20,14.32,44127,
10/26/20,13.95,44130,
10/27/20,13.9,44131,
10/28/20,13.46,44132,
10/29/20,13.6,44133,
10/30/20,13.66,44134,
11/2/20,13.41,44137,
11/3/20,13.45,44138,
11/4/20,13.7,44139,
11/5/20,13.91,44140,
11/6/20,13.85,44141,
11/9/20,15.34,44144,
11/10/20,15.31,44145,
11/11/20,15.37,44146,
11/12/20,15.29,44147,
11/13/20,15.57,44148,
11/16/20,15.76,44151,
11/17/20,15.69,44152,
11/18/20,15.35,44153,
11/19/20,15.54,44154,
11/20/20,15.12,44155,
11/23/20,15.43,44158,
11/24/20,16.15,44159,
11/25/20,16.2,44160,
11/27/20,15.79,44162,
11/30/20,15.49,44165,
12/1/20,15.77,44166,
12/2/20,16.16,44167,
12/3/20,15.94,44168,
12/4/20,16.41,44169,
12/7/20,16.47,44172,
12/8/20,16.5,44173,
12/9/20,16.2,44174,
12/10/20,16.05,44175,
12/11/20,16.09,44176,
12/14/20,16.4,44179,
12/15/20,16.53,44180,
12/16/20,16.66,44181,
12/17/20,16.79,44182,
12/18/20,16.5,44183,
12/21/20,16.28,44186,
12/22/20,16.15,44187,
12/23/20,16.6,44188,
12/24/20,16.63,44189,
12/28/20,16.85,44193,
12/29/20,16.36,44194,
12/30/20,16.42,44195,
12/31/20,16.74,44196,
1/4/21,16.47,44200,
1/5/21,16.43,44201,
1/6/21,17,44202,
1/7/21,17.03,44203,
1/8/21,16.84,44204,
1/11/21,16.69,44207,
1/12/21,16.55,44208,
1/13/21,16.4,44209,
1/14/21,16.45,44210,
1/15/21,16.28,44211,
1/19/21,16.03,44215,
1/20/21,16.11,44216,
1/21/21,15.89,44217,
1/22/21,15.37,44218,
1/25/21,15.29,44221,
1/26/21,15.18,44222,
1/27/21,14.77,44223,
1/28/21,14.59,44224,
1/29/21,14.41,44225,
2/1/21,14.76,44228,
2/2/21,15.27,44229,
2/3/21,15.18,44230,
2/4/21,15.52,44231,
2/5/21,16.03,44232,
2/8/21,16.26,44235,
2/9/21,15.93,44236,
2/10/21,15.82,44237,
2/11/21,15.7,44238,
2/12/21,15.54,44239,
2/16/21,16.54,44243,
2/17/21,16.38,44244,
2/18/21,16.06,44245,
2/19/21,16.29,44246,
2/22/21,17.1,44249,
2/23/21,17.33,44250,
2/24/21,17.45,44251,
2/25/21,17.59,44252,
2/26/21,18.87,44253,
3/1/21,18.89,44256,
3/2/21,18.59,44257,
3/3/21,19.54,44258,
3/4/21,18.83,44259,
3/5/21,19.8,44260,
3/8/21,20,44263,
3/9/21,19.97,44264,
3/10/21,19.94,44265,
3/11/21,20.13,44266,
3/12/21,18.26,44267,
3/15/21,18.76,44270,
3/16/21,18.88,44271,
3/17/21,18.27,44272,
3/18/21,17.73,44273,
3/19/21,17.53,44274,
3/22/21,17.32,44277,
3/23/21,17.11,44278,
3/24/21,17.27,44279,
3/25/21,16.81,44280,
3/26/21,16.15,44281,
3/29/21,15.95,44284,
3/30/21,15.8,44285,
3/31/21,15.74,44286,
4/1/21,16.24,44287,
4/5/21,16.32,44291,
4/6/21,16.76,44292,
4/7/21,16.76,44293,
4/8/21,16.5,44294,
4/9/21,16.52,44295,
4/12/21,16.38,44298,
4/13/21,16.25,44299,
4/14/21,16.05,44300,
4/15/21,16.3,44301,
4/16/21,16.17,44302,
4/19/21,17.26,44305,
4/20/21,16.22,44306,
4/21/21,16.54,44307,
4/22/21,16.31,44308,
4/23/21,16.2,44309,
4/26/21,16.89,44312,
4/27/21,16.74,44313,
4/28/21,17.2,44314,
4/29/21,17.74,44315,
4/30/21,17.73,44316,
5/3/21,17.47,44319,
5/5/21,16.72,44321,
5/6/21,16.49,44322,
5/7/21,16.64,44323,
5/10/21,16.08,44326,
5/11/21,15.98,44327,
5/12/21,15.5,44328,
5/13/21,15.34,44329,
5/14/21,15.8,44330,
5/17/21,15.9,44333,
5/18/21,15.88,44334,
5/19/21,15.62,44335,
5/20/21,15.58,44336,
5/21/21,15.54,44337,
5/24/21,15.68,44340,
5/25/21,15.55,44341,
5/26/21,15.99,44342,
5/27/21,15.82,44343,
5/28/21,15.63,44344,
6/1/21,15.65,44348,
6/2/21,15.65,44349,
6/3/21,15.92,44350,
6/4/21,15.65,44351,
6/7/21,15.66,44354,
6/8/21,15.78,44355,
6/9/21,15.65,44356,
6/10/21,15.69,44357,
6/11/21,15.75,44358,
6/14/21,15.5,44361,
6/15/21,15.46,44362,
6/16/21,15.46,44363,
6/17/21,15.43,44364,
6/18/21,15.54,44365,
6/21/21,15.5,44368,
6/22/21,15.41,44369,
6/23/21,15.47,44370,
6/24/21,15.5,44371,
6/25/21,15.53,44372,
6/28/21,15.26,44375,
6/29/21,15.21,44376,
6/30/21,15.19,44377,
7/1/21,15.29,44378,
7/2/21,15.33,44379,
7/6/21,15.09,44383,
7/7/21,14.94,44384,
7/8/21,14.91,44385,
7/9/21,15.02,44386,
7/12/21,15.05,44389,
7/13/21,14.86,44390,
7/14/21,15.01,44391,
7/15/21,15.1,44392,
7/16/21,15.1,44393,
7/19/21,14.74,44396,
7/20/21,15.06,44397,
7/21/21,15.6,44398,
7/22/21,15.75,44399,
7/23/21,15.9,44400,
7/26/21,15.76,44403,
7/27/21,15.8,44404,
7/28/21,15.94,44405,
7/29/21,15.97,44406,
7/30/21,16.08,44407,
8/2/21,16.16,44410,
8/3/21,15.9,44411,
8/4/21,15.9,44412,
8/5/21,16.22,44413,
8/6/21,16.3,44414,
8/9/21,16.22,44417,
8/10/21,16.35,44418,
8/11/21,16.52,44419,
8/12/21,16.9,44420,
8/13/21,17.01,44421,
8/16/21,17,44424,
8/17/21,16.85,44425,
8/18/21,17.15,44426,
8/19/21,17.11,44427,
8/20/21,17.5,44428,
8/23/21,17.68,44431,
8/24/21,17.9,44432,
8/25/21,17.3,44433,
8/26/21,17.28,44434,
8/27/21,18.29,44435,
8/30/21,17.54,44438,
8/31/21,17.24,44439,
9/1/21,17.63,44440,
9/2/21,17.29,44441,
9/3/21,17.3,44442,
9/7/21,17.18,44446,
9/8/21,17.13,44447,
9/9/21,17.28,44448,
9/10/21,17.28,44449,
9/13/21,17.69,44452,
9/14/21,17.77,44453,
9/15/21,17.52,44454,
9/16/21,17.62,44455,
9/17/21,17.99,44456,
9/20/21,17.78,44459,
9/21/21,18.14,44460,
9/22/21,18.47,44461,
9/23/21,19.38,44462,
9/24/21,19.97,44463,
9/27/21,20.5,44466,
9/28/21,19.68,44467,
9/29/21,19.63,44468,
9/30/21,19.37,44469,
10/1/21,19.98,44470,
10/4/21,19.67,44473,
10/5/21,19.62,44474,
10/6/21,16.94,44475,
10/7/21,16.89,44476,
10/8/21,16.47,44477,
10/11/21,16.06,44480,
10/12/21,16.48,44481,
10/13/21,16.45,44482,
10/14/21,16.51,44483,
10/15/21,16.61,44484,
10/18/21,16.63,44487,
10/19/21,16.57,44488,
10/20/21,16.57,44489,
10/21/21,16.4,44490,
10/22/21,16.2,44491,
10/25/21,16.08,44494,
10/26/21,16.21,44495,
10/27/21,16.25,44496,
10/28/21,16.3,44497,
10/29/21,16.29,44498,
11/1/21,16.6,44501,
11/2/21,16.19,44502,
11/3/21,15.97,44503,
11/4/21,15.99,44504,
11/5/21,16.34,44505,
11/8/21,16.42,44508,
11/9/21,16.43,44509,
11/10/21,16.13,44510,
11/11/21,16.21,44511,
11/12/21,16.02,44512,
11/15/21,16.02,44515,
11/16/21,15.9,44516,
11/17/21,15.92,44517,
11/18/21,15.73,44518,
11/19/21,15.6,44519,
11/22/21,15.52,44522,
11/23/21,15.69,44523,
11/24/21,15.43,44524,
11/26/21,15.49,44526,
11/29/21,15.45,44529,
11/30/21,15.41,44530,
12/1/21,14.86,44531,
12/2/21,14.92,44532,
12/3/21,14.92,44533,
12/6/21,15.02,44536,
12/7/21,15.33,44537,
12/8/21,15.21,44538,
12/9/21,15.01,44539,
12/10/21,14.75,44540,
12/13/21,14.44,44543,
12/14/21,14.23,44544,
12/15/21,14.02,44545,
12/16/21,13.92,44546,
12/17/21,13.98,44547,
12/20/21,13.98,44550,
12/21/21,14.08,44551,
12/22/21,14.02,44552,
12/23/21,14.23,44553,
12/27/21,14.41,44557,
12/28/21,14.43,44558,
12/29/21,14.23,44559,
12/30/21,14.26,44560,
12/31/21,14.24,44561,
1/3/22,14.68,44564,
1/4/22,14.66,44565,
1/5/22,14.61,44566,
1/6/22,14.88,44567,
1/7/22,14.76,44568,
1/10/22,14.71,44571,
1/11/22,14.81,44572,
1/12/22,14.67,44573,
1/13/22,14.5,44574,
1/14/22,14.17,44575,
1/18/22,14.06,44579,
1/19/22,13.95,44580,
1/20/22,13.72,44581,
1/21/22,13.51,44582,
1/24/22,13.52,44585,
1/25/22,13.25,44586,
1/26/22,13.21,44587,
1/27/22,13.42,44588,
1/28/22,13.54,44589,
1/31/22,13.73,44592,
2/1/22,13.76,44593,
2/2/22,13.68,44594,
2/3/22,13.51,44595,
2/4/22,13.51,44596,
2/7/22,13.56,44599,
2/8/22,13.69,44600,
2/9/22,13.75,44601,
2/10/22,14.08,44602,
2/11/22,13.85,44603,
2/14/22,13.51,44606,
2/15/22,13.6,44607,
2/16/22,13.61,44608,
2/17/22,13.32,44609,
2/18/22,13.34,44610,
2/22/22,13.25,44614,
2/23/22,13.16,44615,
2/24/22,13.1,44616,
2/25/22,13.28,44617,
2/28/22,13.45,44620,
3/1/22,12.82,44621,
3/2/22,12.9,44622,
3/3/22,12.81,44623,
3/4/22,12.34,44624,
3/7/22,12.22,44627,
3/8/22,12.32,44628,
3/9/22,12.45,44629,
3/10/22,12.68,44630,
3/11/22,12.6,44631,
3/14/22,12.54,44634,
3/15/22,12.51,44635,
3/16/22,12.59,44636,
3/17/22,12.8,44637,
3/18/22,13.14,44638,
3/21/22,13.71,44641,
3/22/22,13.81,44642,
3/23/22,13.83,44643,
3/24/22,13.83,44644,
3/25/22,14.23,44645,
3/28/22,14.65,44648,
3/29/22,14.63,44649,
3/30/22,14.51,44650,
3/31/22,14.47,44651,
4/1/22,14.7,44652,
4/4/22,14.59,44655,
4/5/22,14.41,44656,
4/6/22,14.49,44657,
4/7/22,14.69,44658,
4/8/22,14.72,44659,
4/11/22,14.16,44662,
4/12/22,13.95,44663,
4/13/22,14.04,44664,
4/14/22,13.9,44665,
4/18/22,13.99,44669,
4/19/22,13.94,44670,
4/20/22,14.07,44671,
4/21/22,13.8,44672,
4/22/22,13.42,44673,
4/25/22,13.76,44676,
4/26/22,13.34,44677,
4/27/22,13.36,44678,
4/28/22,13.44,44679,
4/29/22,13.54,44680,
5/2/22,13.97,44683,
5/3/22,14.18,44684,
5/4/22,14.21,44685,
5/5/22,14.13,44686,
5/6/22,13.82,44687,
5/9/22,13.18,44690,
5/10/22,13.38,44691,
5/11/22,13.12,44692,
5/12/22,13.12,44693,
5/13/22,13.25,44694,
5/16/22,13.03,44697,
5/17/22,13.28,44698,
5/18/22,13,44699,
5/19/22,13.06,44700,
5/20/22,13.06,44701,
5/23/22,12.96,44704,
5/24/22,12.56,44705,
5/25/22,13.01,44706,
5/26/22,12.52,44707,
5/27/22,12.61,44708,
5/31/22,12.76,44712,
6/1/22,12.56,44713,
6/2/22,12.58,44714,
6/3/22,12.23,44715,
6/6/22,12.34,44718,
6/7/22,12.36,44719,
6/8/22,12.44,44720,
6/9/22,12.07,44721,
6/10/22,11.57,44722,
6/13/22,11.07,44725,
6/14/22,10.82,44726,
6/15/22,10.97,44727,
6/16/22,10.74,44728,
6/17/22,11.45,44729,
6/21/22,11.61,44733,
6/22/22,11.5,44734,
6/23/22,11.44,44735,
6/24/22,11.57,44736,
6/27/22,11.38,44739,
6/28/22,11.36,44740,
6/29/22,11.27,44741,
6/30/22,11.12,44742,
7/1/22,11,44743,
7/5/22,11.06,44747,
7/6/22,10.8,44748,
7/7/22,10.85,44749,
7/8/22,10.73,44750,
7/11/22,10.51,44753,
7/12/22,10.68,44754,
7/13/22,10.63,44755,
7/14/22,10.78,44756,
7/15/22,11.02,44757,
7/18/22,11.02,44760,
7/19/22,11.16,44761,
7/20/22,11.15,44762,
7/21/22,11.29,44763,
7/22/22,11.14,44764,
7/25/22,11.26,44767,
7/26/22,11.02,44768,
7/27/22,11.27,44769,
7/28/22,11.15,44770,
7/29/22,11.14,44771,
8/1/22,11.18,44774,
8/2/22,11.18,44775,
8/3/22,11.42,44776,
8/4/22,11.65,44777,
8/5/22,11.51,44778,
8/8/22,11.55,44781,
8/9/22,11.39,44782,
8/10/22,12.75,44783,
8/11/22,12.28,44784,
8/12/22,12.82,44785,
8/15/22,12.77,44788,
8/16/22,12.78,44789,
8/17/22,13.67,44790,
8/18/22,13.9,44791,
8/19/22,13.68,44792,
8/22/22,13.26,44795,
8/23/22,13.41,44796,
8/24/22,13.42,44797,
8/25/22,13.57,44798,
8/26/22,13.14,44799,
8/29/22,13.07,44802,
8/30/22,13.25,44803,
8/31/22,13.44,44804,
9/1/22,13.4,44805,
9/2/22,13.47,44806,
9/6/22,14.45,44810,
9/7/22,14.56,44811,
9/8/22,14.39,44812,
9/9/22,14.43,44813,
9/12/22,15.16,44816,
9/13/22,14.51,44817,
9/14/22,14.68,44818,
9/15/22,14.48,44819,
9/16/22,14.15,44820,
9/19/22,14.12,44823,
9/20/22,13.91,44824,
9/21/22,13.48,44825,
9/22/22,13.63,44826,
9/23/22,13.07,44827,
9/26/22,12.92,44830,
9/27/22,12.8,44831,
9/28/22,12.7,44832,
9/29/22,12.86,44833,
9/30/22,13.27,44834,
10/3/22,13.4,44837,
10/4/22,13.71,44838,
10/5/22,13.7,44839,
10/6/22,13.59,44840,
10/7/22,13.64,44841,
10/10/22,13.35,44844,
10/11/22,13.27,44845,
10/12/22,12.92,44846,
10/13/22,12.92,44847,
10/14/22,12.95,44848,
10/17/22,13.05,44851,
10/18/22,12.89,44852,
10/19/22,12.67,44853,
10/20/22,12.61,44854,
10/21/22,12.6,44855,
10/24/22,12.35,44858,
10/25/22,12.63,44859,
10/26/22,13.19,44860,
10/27/22,13.32,44861,
10/28/22,13.06,44862,
10/31/22,13.06,44865,
11/1/22,13.11,44866,
11/2/22,12.87,44867,
11/3/22,12.56,44868,
11/4/22,12.93,44869,
11/7/22,13.38,44872,
11/8/22,13.15,44873,
11/9/22,13,44874,
11/10/22,13.14,44875,
11/11/22,13.29,44876,
11/14/22,13.2,44879,
11/15/22,12.97,44880,
11/16/22,12.8,44881,
11/17/22,12.84,44882,
11/18/22,13.13,44883,
11/21/22,13.03,44886,
11/22/22,14.94,44887,
11/23/22,18.8,44888,
11/25/22,21.21,44890,
11/28/22,21.25,44893,
11/29/22,22.18,44894,
11/30/22,22.1,44895,
12/1/22,22.56,44896,
12/2/22,22.73,44897,
12/5/22,22.36,44900,
12/6/22,22.21,44901,
12/7/22,22.13,44902,
12/8/22,21.85,44903,
12/9/22,20.35,44904,
12/12/22,20.56,44907,
12/13/22,20.68,44908,
12/14/22,21.59,44909,
12/15/22,21.62,44910,
12/16/22,21.85,44911,
12/19/22,21.27,44914,
12/20/22,21.9,44915,
12/21/22,22.76,44916,
12/22/22,22.44,44917,
12/23/22,22.48,44918,
12/27/22,23.12,44922,
12/28/22,22.45,44923,
12/29/22,23.09,44924,
12/30/22,23.33,44925,
1/3/23,22.76,44929,
1/4/23,23.3,44930,
1/5/23,22.87,44931,
1/6/23,23.32,44932,
1/9/23,23.11,44935,
1/10/23,22.83,44936,
1/11/23,22.89,44937,
1/12/23,22.77,44938,
1/13/23,22.97,44939,
1/17/23,22.82,44943,
1/18/23,22.94,44944,
1/19/23,23,44945,
1/20/23,23.35,44946,
1/23/23,22.91,44949,
1/24/23,22.65,44950,
1/25/23,23.37,44951,
1/26/23,22.63,44952,
1/27/23,22.78,44953,
1/30/23,22.56,44956,
1/31/23,22.55,44957,
2/1/23,22.49,44958,
2/2/23,22.38,44959,
2/3/23,21.86,44960,