name_norm,position,player,team,pass_tds,pass_yards,rec_tds,rec_yards,receptions,rush_tds,rush_yards,interceptions,base_pts,season_pts,ppg,rec_pg,pass_yards_pg,rush_yards_pg,ypr,td_dependence,bbvor,p90,cv,skew,kurtosis
jahmyr gibbs,RB,Jahmyr Gibbs,DET,0.0,0.0,3.5,475.5,60.5,12.0,1200.5,0.0,321.1,329.24147163903615,19.367145390531537,3.5588235294117645,0.0,70.61764705882354,7.859504132231405,0.28246745325558664,174.33450632734704,378.18993582354796,0.48080297522081883,0.5036285980553458,-0.17028527689149264
bijan robinson,RB,Bijan Robinson,ATL,0.0,0.0,3.5,575.5,65.5,9.0,1163.0,0.0,314.35,322.3203257855217,18.960019163854216,3.8529411764705883,0.0,68.41176470588235,8.786259541984732,0.23268777672403596,167.21999110267035,373.3288782937859,0.4793890189944954,0.7827552289402543,0.9748417179517479
jamarr chase,WR,Ja'Marr Chase,CIN,0.0,0.0,10.5,1325.5,109.5,0.0,0.0,0.0,305.05,313.2106034329094,18.424153143112317,6.4411764705882355,0.0,0.0,12.105022831050228,0.20114261557398,155.9414855083127,366.9934626717091,0.5360664558139032,0.9378863026589387,0.9913318818804489
christian mccaffrey,RB,Christian McCaffrey,SF,0.0,0.0,4.5,550.5,60.5,8.5,925.5,0.0,286.1,293.35404869488707,17.256120511463944,3.5588235294117645,0.0,54.44117647058823,9.099173553719009,0.2658903135887058,143.04945579332573,338.82068795057074,0.5152114951985045,0.7781366555205229,0.6607634326488196
jaxon smithnjigba,WR,Jaxon Smith-Njigba,SEA,0.0,0.0,8.5,1338.0,99.5,0.0,0.0,0.0,284.3,291.90550583830895,17.17091210813582,5.852941176470588,0.0,0.0,13.447236180904522,0.1747140734928436,140.33191668942345,341.9071074977186,0.5551523196277819,0.7799713790033029,0.40628967862046084
amonra st brown,WR,Amon-Ra St. Brown,DET,0.0,0.0,9.5,1238.0,103.5,0.0,0.0,0.0,284.3,291.90550583830895,17.17091210813582,6.088235294117647,0.0,0.0,11.96135265700483,0.19526867037435464,139.80667322098307,343.0015737520422,0.5537750489193913,0.8729147972138439,0.8762752703093613
james cook,RB,James Cook,BUF,0.0,0.0,2.566808256949103,318.925925925926,36.333333333333336,10.5,1213.0,0.0,267.9267754676206,274.7200431219589,16.160002536585818,2.1372549019607843,0.0,71.3529411764706,8.777777777777779,0.28538452691960825,130.6762577084475,321.20965592826946,0.5325293185658878,0.4856262855777983,-0.229583817059122
ashton jeanty,RB,Ashton Jeanty,LV,0.0,0.0,3.630640083945435,346.0,55.0,7.5,975.5,0.0,253.93384050367263,260.3723181139254,15.316018712583848,3.235294117647059,0.0,57.38235294117647,6.290909090909091,0.25649362799946906,119.98126083445435,304.30232131197744,0.5436698440506176,0.5580377203483644,-0.10432827858414839
devon achane,RB,De'Von Achane,MIA,0.0,0.0,4.333333333333334,425.6666666666667,57.333333333333336,5.5,988.0,0.0,257.70000000000005,264.2339683630633,15.543174609591958,3.372549019607843,0.0,58.11764705882353,7.424418604651163,0.2232869617994485,119.90604844618228,305.39995604522665,0.5065332250365641,0.6884065151750927,0.2760295083739961
ceedee lamb,WR,CeeDee Lamb,DAL,0.0,0.0,7.5,1188.0,92.5,0.0,0.0,0.0,256.3,263.15645848173966,15.47979167539645,5.4411764705882355,0.0,0.0,12.843243243243244,0.1710009332836592,119.1715182423612,313.0646214220653,0.5843227479241608,0.9081854329557267,0.9372235092696855
jonathan taylor,RB,Jonathan Taylor,IND,0.0,0.0,1.3333333333333333,222.33333333333334,27.666666666666668,11.5,1238.0,0.0,250.7,257.0564837742334,15.120969633778437,1.6274509803921569,0.0,72.82352941176471,8.036144578313253,0.2995450605619708,117.37841539163759,302.6761537316466,0.560987928349274,0.8290524855628315,1.0839149555920269
justin jefferson,WR,Justin Jefferson,MIN,0.0,0.0,7.5,1175.5,91.5,0.0,0.0,0.0,254.05,260.846267176301,15.343898069194177,5.382352941176471,0.0,0.0,12.846994535519126,0.17251540720567551,117.09670167751638,310.40561841485567,0.5944689066161443,0.9296176987231041,0.9506725125026096
derrick henry,RB,Derrick Henry,BAL,0.0,0.0,0.6513730966154666,181.40740740740745,20.666666666666668,12.5,1225.5,0.0,240.2656459871002,246.3575673282359,14.491621607543287,1.215686274509804,0.0,72.08823529411765,8.777777777777779,0.3202996337212527,110.80952390726851,292.0964814261711,0.5939573333294855,0.7874116730309538,0.7753580066818753
breece hall,RB,Breece Hall,NYJ,0.0,0.0,2.6666666666666665,474.6666666666667,56.333333333333336,5.5,900.5,0.0,242.85000000000002,249.00744748533145,14.64749691090185,3.3137254901960786,0.0,52.970588235294116,8.42603550295858,0.1967812629495208,110.39862467213918,290.770795088071,0.5335195524463548,0.679966792611907,0.28148519207256095
drake london,WR,Drake London,ATL,0.0,0.0,7.5,1100.5,87.5,0.0,0.0,0.0,242.55,249.03862272628152,14.649330748604795,5.147058823529412,0.0,0.0,12.577142857142857,0.18069486374191654,108.81390015075662,295.59220369133357,0.601506616608944,0.8451076511669476,0.7077682431752326
trey mcbride,TE,Trey McBride,ARI,0.0,0.0,6.5,950.5,98.5,0.0,0.0,0.0,232.55,235.03652033156368,13.82567766656257,5.794117647058823,0.0,0.0,9.649746192893401,0.16593166008832622,106.15047377582943,279.5212545457261,0.5993135445901425,0.9847689887234496,1.2752725648648218
aj brown,WR,A.J. Brown,NE,0.0,0.0,7.5,1100.5,79.5,0.0,0.0,0.0,234.55,240.82460919583315,14.166153482107832,4.676470588235294,0.0,0.0,13.842767295597485,0.18685797996419468,103.64606233167694,289.41698678785986,0.6200550418267329,0.8413714662145683,0.5726712399772875
saquon barkley,RB,Saquon Barkley,PHI,0.0,0.0,2.666666666666667,277.0,37.0,7.5,1063.0,0.0,232.0,237.88234637264523,13.993079198390896,2.176470588235294,0.0,62.529411764705884,7.486486486486487,0.2564292850232899,103.59411516888241,282.2678506282326,0.572507708605501,0.62668687880142,0.033309769667156264
javonte williams,RB,Javonte Williams,DAL,0.0,0.0,1.5077355836849509,268.0,44.666666666666664,9.5,938.0,0.0,231.3130801687764,237.17800972944966,13.951647631144098,2.627450980392157,0.0,55.1764705882353,6.0,0.27846769427506896,102.82700154642161,280.4614771979281,0.5899871060174371,0.7115150769488987,0.17568845036971492
josh allen,QB,Josh Allen,BUF,24.5,3600.5,0.0,0.0,0.0,10.5,500.5,10.458521999145665,344.61147800085433,357.36627510105365,21.021545594179628,0.0,211.7941176470588,29.441176470588236,0.0,0.450518169221406,100.82333746989075,404.0333948759872,0.40627177792516267,0.24964179865354572,0.08973093765218021
brock bowers,TE,Brock Bowers,LV,0.0,0.0,7.5,925.5,84.5,0.0,0.0,0.0,222.05,224.4242500091323,13.20142647112543,4.970588235294118,0.0,0.0,10.95266272189349,0.20051309071176068,99.2149464550395,268.8247821898545,0.5973449626900706,0.9176374957668785,1.2138958008098735
kyren williams,RB,Kyren Williams,LAR,0.0,0.0,2.339979013641133,223.0,34.0,9.5,950.5,0.0,222.3898740818468,228.02855627632258,13.413444486842504,2.0,0.0,55.911764705882355,6.5588235294117645,0.3115393757778365,98.17613558735104,271.98440717921613,0.615836596803787,0.6741527015964568,0.06874402815214209
george pickens,WR,George Pickens,DAL,0.0,0.0,7.5,1025.5,77.5,0.0,0.0,0.0,225.05,231.0704681284257,13.592380478142687,4.5588235294117645,0.0,0.0,13.23225806451613,0.1947457862723922,95.92518345698144,275.08156334542423,0.6231099676723032,0.8838159686109464,0.6666623646496586
chris olave,WR,Chris Olave,NO,0.0,0.0,5.5,1050.5,84.5,0.0,0.0,0.0,222.55,228.5035889001606,13.441387582362388,4.970588235294118,0.0,0.0,12.431952662721894,0.14441786301404042,94.69297392060722,272.5767373782259,0.5941976580000745,0.7136374687679119,0.25994380090525215
nico collins,WR,Nico Collins,HOU,0.0,0.0,6.5,1075.5,70.5,0.0,0.0,0.0,217.05,222.85645459797732,13.109203211645724,4.147058823529412,0.0,0.0,15.25531914893617,0.17500054046159078,91.3067094375814,266.76149811419725,0.6304584490501118,0.7845129091223423,0.42885602346150264
chase brown,RB,Chase Brown,CIN,0.0,0.0,3.3333333333333326,317.66666666666663,45.666666666666664,5.5,838.0,0.0,214.23333333333335,219.66520691623433,12.92148275977849,2.6862745098039214,0.0,49.294117647058826,6.956204379562044,0.24127626192622603,90.30950736298891,259.50003569326276,0.5936874469518049,0.7523591715995985,0.13179410476171416
devonta smith,WR,DeVonta Smith,PHI,0.0,0.0,5.5,1025.5,78.5,0.0,0.0,0.0,214.05,219.7761995240592,12.928011736709365,4.617647058823529,0.0,0.0,13.063694267515924,0.15015274661889605,88.5480026849305,266.0801553002897,0.6305784584390446,1.0591806688592331,1.8939982643538942
travis etienne,RB,Travis Etienne Jr.,NO,0.0,0.0,2.3333333333333335,340.6666666666667,44.333333333333336,5.0,838.0,0.0,206.20000000000002,211.42818888810106,12.436952287535357,2.607843137254902,0.0,49.294117647058826,7.684210526315789,0.20810848464150217,85.01234056934561,251.4312858002516,0.5912563947990191,0.8187726353251891,0.45511900482390466
zay flowers,WR,Zay Flowers,BAL,0.0,0.0,5.5,988.0,75.5,0.0,0.0,0.0,207.3,212.8456256077434,12.520330918102552,4.4411764705882355,0.0,0.0,13.086092715231787,0.15504194603846935,84.06416080289421,256.01123331598563,0.6480791548492271,1.0696355425970405,1.727967627901923
kenneth walker,RB,Kenneth Walker III,KC,0.0,0.0,0.6666666666666667,280.0,35.333333333333336,7.5,925.5,0.0,204.88333333333335,210.07813821544022,12.357537542084719,2.0784313725490198,0.0,54.44117647058823,7.924528301886792,0.2332465453865995,83.07229053823094,249.07522494594772,0.5901818397438453,0.7907471757639394,0.1891684889195111
tetairoa mcmilan,WR,Tetairoa McMilan,CAR,0.0,0.0,6.5,950.5,70.5,0.0,0.0,0.0,204.55,210.02205845665176,12.354238732744221,4.147058823529412,0.0,0.0,13.4822695035461,0.1856947802844697,82.95728816130551,253.28477433490215,0.6443376880494956,0.8254979659886056,0.4495865700953994
garrett wilson,WR,Garrett Wilson,NYJ,0.0,0.0,4.5,975.5,85.5,0.0,0.0,0.0,210.05,215.669192758835,12.686423103460882,5.029411764705882,0.0,0.0,11.409356725146198,0.12519173301766778,82.54472683688682,254.1461165754479,0.5720447188190644,0.7251298881196719,0.3697277665725065
davante adams,WR,Davante Adams,LAR,0.0,0.0,9.5,788.0,65.2283044058745,0.0,0.0,0.0,201.0283044058745,206.40615154911833,12.141538326418726,3.8369590826985,0.0,0.0,12.080645161290324,0.2761545601824554,80.72085952362355,249.65841249480607,0.6512432159013619,0.9064422624979769,1.2256119902391571
tetairoa mcmillan,WR,Tetairoa McMillan,CAR,0.0,0.0,6.5616370808678495,950.5,65.6163708086785,0.0,0.0,0.0,200.0361932938856,205.3874997869202,12.081617634524717,3.859786518157559,0.0,0.0,14.485714285714288,0.19168558225817747,80.7157135112527,249.60793745880358,0.6661180725537077,0.8315623246401161,0.20656394216755247
tee higgins,WR,Tee Higgins,CIN,0.0,0.0,7.5,863.0,65.5,0.0,0.0,0.0,196.8,202.0647328490299,11.886160755825287,3.8529411764705883,0.0,0.0,13.17557251908397,0.22270091057216393,77.39417033765156,243.778894981881,0.6568976040772254,0.8324843615047535,0.6197227915974648
omarion hampton,RB,Omarion Hampton,LAC,0.0,0.0,1.0,192.0,32.0,7.5,925.5,0.0,194.75,199.687874810658,11.746345577097529,1.8823529411764706,0.0,54.44117647058823,6.0,0.25539858165328105,77.01256237683951,237.88678031787956,0.6068807584882812,0.6927450304122929,-0.05489239029337156
trevor lawrence,QB,Trevor Lawrence,JAX,25.5,3750.5,0.0,0.0,0.0,5.758789777765813,304.3462951926897,12.119230449122865,304.888137736741,316.1726902932873,18.59839354666396,0.0,220.61764705882354,17.902723246628806,0.0,0.4318928954297924,75.6287289925746,357.2522863588377,0.4207483497087727,0.17616868078218073,0.19489436900327872
bucky irving,RB,Bucky Irving,TB,0.0,0.0,1.5000000000000002,334.50000000000006,38.5,4.5,800.5,0.0,188.00000000000003,192.76672895714356,11.339219350420208,2.264705882352941,0.0,47.088235294117645,8.688311688311689,0.18675421943795925,74.16521127917346,233.80886040483745,0.6483491560717435,1.0380535519154674,1.2356796873603146
drake maye,QB,Drake Maye,NE,25.5,3750.5,0.0,0.0,0.0,3.5,413.0,10.121289355322338,304.19871064467765,315.4577460515177,18.55633800303045,0.0,220.61764705882354,24.294117647058822,0.0,0.3899095886518911,73.95200493887783,356.26275726975626,0.4111741142721391,0.18673986293418227,-0.15515109005534544
jaylen waddle,WR,Jaylen Waddle,DEN,0.0,0.0,5.5,913.0,66.38755622188906,0.0,0.0,0.0,190.68755622188905,195.78877086184136,11.516986521284785,3.905150365993474,0.0,0.0,13.752577319587628,0.16854899213441868,73.51147951223479,235.07637188178958,0.6626163022619751,0.9362611775773567,0.6428188925433163
terry mclaurin,WR,Terry McLaurin,WAS,0.0,0.0,5.5,900.5,66.86548507462686,0.0,0.0,0.0,189.91548507462687,194.9960455055813,11.47035561797537,3.933263827919227,0.0,0.0,13.467336683417086,0.16923420120873914,72.58941135232195,234.23337035324118,0.6630910516510782,0.9064983643859953,0.528633363221203
ladd mcconkey,WR,Ladd McConkey,LAC,0.0,0.0,5.5,888.0,72.5,0.0,0.0,0.0,194.3,199.49785362076477,11.735167860044987,4.264705882352941,0.0,0.0,12.248275862068965,0.1654153135037298,72.58742667020636,236.8543761172317,0.5928382183795913,0.6735884266478093,0.022523152892325538
tony pollard,RB,Tony Pollard,TEN,0.0,0.0,0.903,258.0,43.0,5.5,788.0,0.0,186.01800000000003,190.73447546356348,11.21967502726844,2.5294117647058822,0.0,46.35294117647059,6.0,0.20142137338637084,71.89297632484016,230.63111193072996,0.6396235264691812,0.9834949569395806,1.1560858797545626
lamar jackson,QB,Lamar Jackson,BAL,24.5,3225.5,0.0,0.0,0.0,3.5,550.5,6.389400396933636,296.68059960306636,307.66137387516767,18.097727875009863,0.0,189.73529411764707,32.38235294117647,0.0,0.3867888857841601,70.80459056526395,348.8645040665834,0.42256493591828154,0.025158021771265342,-0.19409975862082351
joe burrow,QB,Joe Burrow,CIN,32.5,3950.5,0.0,0.0,0.0,0.8743913235945108,144.27456839309428,8.743913235945108,298.9498915449314,310.01465709453606,18.23615629967859,0.0,232.38235294117646,8.48673931724084,0.0,0.4362579150582708,69.86271641573374,348.6804647396622,0.4068001477097011,0.07934377752808573,-0.09379289922528189
cam skattebo,RB,Cam Skattebo,NYG,0.0,0.0,2.0,207.0,24.0,6.5,800.5,0.0,175.75,180.20613092669137,10.600360642746551,1.411764705882353,0.0,47.088235294117645,8.625,0.2830092391293114,69.63624982964504,223.43847138067568,0.7392198237294009,1.119724489798696,1.3787030300844307
jameson williams,WR,Jameson Williams,DET,0.0,0.0,5.5,900.5,60.039446663903696,0.0,0.0,0.0,183.08944666390371,187.98739902245126,11.05808229543831,3.5317321567002176,0.0,0.0,14.998472671490982,0.17554368096799308,69.3146563409961,229.06947564630318,0.6802057337257436,0.8205632034252316,0.2051988300990768
david montgomery,RB,David Montgomery,HOU,0.0,0.0,0.7583333333333333,216.66666666666666,25.333333333333332,7.5,825.5,0.0,179.10000000000002,183.6410699799171,10.802415881171594,1.4901960784313726,0.0,48.55882352941177,8.552631578947368,0.269819817568144,69.2020529749591,223.66854054635863,0.6978234378894409,1.109617940111576,1.5780434994073413
colston loveland,TE,Colston Loveland,CHI,0.0,0.0,5.5,800.5,70.5,0.0,0.0,0.0,183.55,185.51259216021722,10.912505421189248,4.147058823529412,0.0,0.0,11.354609929078014,0.17788549885335914,68.97084221816712,220.35706799656435,0.6077075058422166,0.9999595694092471,1.6875615309245768
jalen hurts,QB,Jalen Hurts,PHI,21.5,3200.5,0.0,0.0,0.0,8.0,400.5,8.333800701051578,293.73619929894846,304.60799511020844,17.918117359424027,0.0,188.26470588235293,23.558823529411764,0.0,0.43990966143721294,68.2875909445077,344.9515014981214,0.43525298174361277,0.18825634169079036,0.3045892678038582
dj moore,WR,DJ Moore,BUF,0.0,0.0,6.5,800.5,64.84794156706508,0.0,0.0,0.0,183.8979415670651,188.81752253168452,11.10691309009909,3.8145847980626515,0.0,0.0,12.344262295081966,0.2065486268280827,67.74767425811106,228.26371879787777,0.6686176030255006,1.038638881264566,1.4029803324528851
jared goff,QB,Jared Goff,DET,29.5,4025.5,0.0,0.0,0.0,2.0603379514445246,125.68061503811599,9.356188262638002,294.5939009498407,305.49744210688283,17.970437770993108,0.0,236.7941176470588,7.392977355183294,0.0,0.42672052115925097,67.66941054645662,346.5828513886851,0.4119109500277021,0.1253182256528819,-0.15007897721163754
caleb williams,QB,Caleb Williams,CHI,24.5,3613.0,0.0,0.0,0.0,2.2698847263867097,423.43993050915407,7.15700004158153,291.32630136765414,302.10890177740237,17.771111869258963,0.0,212.52941176470588,24.908231206420826,0.0,0.3694671282495435,67.21319937246659,343.9230229037383,0.42510768099194934,0.19905867489936924,-0.2544535438704103
brock purdy,QB,Brock Purdy,SF,27.5,3763.0,0.0,0.0,0.0,3.6495005334109205,224.0793327514305,12.043351760256037,292.78158471535255,303.6180482289384,17.859885189937554,0.0,221.35294117647058,13.181137220672383,0.0,0.4344175320599211,66.89901392059092,344.4465689613686,0.4185971034070235,0.0705167601219109,0.25001172773559244
jayden daniels,QB,Jayden Daniels,WAS,21.5,3200.5,0.0,0.0,0.0,4.5,575.5,7.9515527950310565,290.61844720496896,301.37484844029046,17.72793226119356,0.0,188.26470588235293,33.85294117647059,0.0,0.3749483428521342,66.83890634676273,341.5923812514375,0.42902557249019746,0.0793849317026645,-0.2878046796554523
dak prescott,QB,Dak Prescott,DAL,27.5,4000.5,0.0,0.0,0.0,1.8108365019011408,171.3051330798479,9.77851711026616,288.2370152091255,298.9052746272008,17.582663213364754,0.0,235.3235294117647,10.0767725341087,0.0,0.4043589366636354,66.36285800530872,338.91037266598454,0.4386895817287178,0.20325043757311542,-0.1430795238662208
quinshon judkins,RB,Quinshon Judkins,CLE,0.0,0.0,0.5985,171.0,26.0,6.5,888.0,0.0,174.491,178.9152090556433,10.524424062096664,1.5294117647058822,0.0,52.23529411764706,6.576923076923077,0.23805131058899545,66.02109436696237,217.85052903484305,0.6813715866769146,0.948308593963681,0.659887203811568
tyler warren,TE,Tyler Warren,IND,0.0,0.0,4.5,750.5,75.5,0.0,0.0,0.0,177.55,179.44843769025644,10.555790452368026,4.4411764705882355,0.0,0.0,9.940397350993377,0.15046104801761684,65.82502796979828,213.82437167284678,0.6132274833475411,1.0456619967886913,1.7681460397004036
malik willis,QB,Malik Willis,MIA,17.2112810707457,3000.5,0.0,0.0,0.0,6.576823575943326,618.2214161386727,5.943697377460665,284.20450997504935,294.7235178755475,17.33667752209103,0.0,176.5,36.36596565521604,0.0,0.3674836216646173,65.51362496585442,337.1840654162083,0.4548356013093023,0.13121174536619046,-0.33599081772285055
mike evans,WR,Mike Evans,SF,0.0,0.0,6.5,800.5,55.763799010277886,0.0,0.0,0.0,174.8137990102779,179.49036379743805,10.558256693966944,3.2802234711928167,0.0,0.0,14.3551912568306,0.2172818594540988,65.36814443164185,219.59036636502162,0.7093998826253652,0.9120400331234121,0.6176945963801099
rome odunze,WR,Rome Odunze,CHI,0.0,0.0,6.5,800.5,56.23584229390681,0.0,0.0,0.0,175.28584229390682,179.9750350372737,10.586766766898453,3.307990723170989,0.0,0.0,14.23469387755102,0.21669672125316108,65.10826293583081,219.72723049288925,0.7056608168844777,0.9204872188152821,0.6704305439981351
treveyon henderson,RB,TreVeyon Henderson,NE,0.0,0.0,1.0,221.0,35.0,6.0,700.5,0.0,169.15,173.43878831436612,10.202281665550949,2.0588235294117645,0.0,41.205882352941174,6.314285714285714,0.24216036336619803,64.2980157778,214.2321483141759,0.7239735492069621,1.1765067975990402,1.5142146793823565
bo nix,QB,Bo Nix,DEN,24.179470542434466,3450.5,0.0,0.0,0.0,4.029911757072411,351.9456267843239,10.29866337918505,283.81325201141965,294.31777863007284,17.312810507651342,0.0,202.97058823529412,20.70268392848964,0.0,0.41077149085216447,63.40861608595913,333.38631629440084,0.44011461276077685,0.267530335352994,0.08783966336688609
luther burden,WR,Luther Burden III,CHI,0.0,0.0,4.5,850.5,64.5,0.0,0.0,0.0,176.55,181.27301110008247,10.663118300004852,3.7941176470588234,0.0,0.0,13.186046511627907,0.14894660730875736,62.79112336868155,218.99169330648039,0.6554376495935692,1.0188802071214786,1.455897885529498
justin herbert,QB,Justin Herbert,LAC,25.5,3500.5,0.0,0.0,0.0,2.283431180691455,336.64299692479733,7.50270245084335,281.8821843257851,292.31523805949575,17.19501400349975,0.0,205.91176470588235,19.80252923087043,0.0,0.39580758037868646,62.64995766669143,332.3568284658655,0.44138107753795974,0.249002720385009,-0.023737522154851476
marvin harrison,WR,Marvin Harrison Jr.,ARI,0.0,0.0,5.5,825.5,56.95010046885466,0.0,0.0,0.0,172.50010046885467,177.1147699068594,10.418515876874082,3.350005909932627,0.0,0.0,14.495145631067961,0.18631986489525376,62.35542649548765,215.1832344232762,0.6986443937558159,0.8674416546896071,0.3999988227342133
rico dowdle,RB,Rico Dowdle,PIT,0.0,0.0,2.0000000000000004,230.00000000000003,31.666666666666668,4.5,700.5,0.0,163.71666666666667,167.8676931335125,9.874570184324265,1.8627450980392157,0.0,41.205882352941174,7.2631578947368425,0.23232582322425555,61.69716130720306,209.12426135299063,0.7687594198075068,1.1375796938435923,1.1251452331561014
dk metcalf,WR,DK Metcalf,PIT,0.0,0.0,5.5,825.5,55.03893750255692,0.0,0.0,0.0,170.58893750255692,175.15248009885173,10.303087064638337,3.2375845589739365,0.0,0.0,14.99847267149098,0.1884072665221504,61.63698618014969,213.74017562728224,0.7147168630241619,0.8846570082811663,0.3980500257675592
matthew stafford,QB,Matthew Stafford,LAR,29.5,3838.0,0.0,0.0,0.0,0.6423406836722646,119.82665520215853,8.334083963326364,279.02262565892306,289.34984109959856,17.02057888821168,0.0,225.76470588235293,7.048626776597561,0.0,0.4211305029197842,60.28919720984079,327.761542700827,0.43024841005411496,0.1801023208498316,-0.110021562913583
harold fannin,TE,Harold Fannin Jr.,CLE,0.0,0.0,5.5444596443228455,675.5,66.53351573187415,0.0,0.0,0.0,167.35027359781122,169.13965161455474,9.949391271444396,3.9137362195220087,0.0,0.0,10.152777777777777,0.1966821945556994,60.1920701608654,203.40469387096303,0.6447774292836452,1.0001345691033363,1.5108693052510889
patrick mahomes,QB,Patrick Mahomes,KC,23.725209437510685,3700.5,0.0,0.0,0.0,2.2143528808343307,353.66378868182596,11.38810053000513,280.1852333732262,290.55547937570736,17.091498786806316,0.0,217.6764705882353,20.80375227540153,0.0,0.37234525835651466,59.923654859454146,328.5399805168761,0.42135100576558543,0.26748190860929216,0.11409591812992881
rhamondre stevenson,RB,Rhamondre Stevenson,NE,0.0,0.0,1.0,250.33333333333334,34.333333333333336,5.5,613.0,0.0,159.66666666666669,163.71500562140383,9.630294448317873,2.019607843137255,0.0,36.05882352941177,7.29126213592233,0.23821884775906702,59.22040868913182,204.36268610093293,0.765856011258938,1.225377715492948,1.5601104230733487
kyle pitts,TE,Kyle Pitts,ATL,0.0,0.0,4.5,750.5,64.2212107419208,0.0,0.0,0.0,166.2712107419208,168.04905097440198,9.88523829261188,3.7777182789365176,0.0,0.0,11.686170212765958,0.16066737564684472,59.17011878406827,203.89728130292943,0.6384393020583187,1.0153747849626322,1.5138692960187923
parker washington,WR,Parker Washington,JAX,0.0,0.0,4.5,800.5,61.98173849525201,0.0,0.0,0.0,169.03173849525203,173.55362338440133,10.209036669670667,3.6459846173677652,0.0,0.0,12.915094339622641,0.1555715142875358,58.903805463316445,211.83219353552292,0.6847671594832999,1.2985367797532263,2.7863428774809567
jaxson dart,QB,Jaxson Dart,NYG,19.5,3125.5,0.0,0.0,0.0,5.5,463.0,6.878301056338029,275.441698943662,285.63637673948364,16.80213980820492,0.0,183.85294117647058,27.235294117647058,0.0,0.3886059656233429,58.19270994565876,323.7003884370587,0.43498319774751043,0.1035635253545826,-0.20232466477875866
courtland sutton,WR,Courtland Sutton,DEN,0.0,0.0,6.5,725.5,54.09651567944251,0.0,0.0,0.0,165.6465156794425,170.07784013282108,10.004578831342416,3.182147981143677,0.0,0.0,13.411214953271028,0.22930676900378807,58.05597780880307,207.49525131740887,0.6969827294840412,0.9344853911458141,0.906499438834973
josh downs,WR,Josh Downs,IND,0.0,0.0,3.9862149532710283,775.5,67.47511417485578,0.0,0.0,0.0,168.94240389448197,173.46189893196853,10.203641113645208,3.9691243632268103,0.0,0.0,11.493126161896674,0.13788209322559353,57.35122033357498,208.22609705422988,0.6510958382341946,1.069274429504841,1.8494332030823983
jaylen warren,RB,Jaylen Warren,PIT,0.0,0.0,0.6666666666666666,337.6666666666667,46.333333333333336,2.992898357745229,613.0,0.0,163.3573901464714,167.4993071782511,9.852900422250064,2.7254901960784315,0.0,36.05882352941177,7.287769784172662,0.13108943861543582,56.96468935744959,202.28783692065892,0.6571114105474708,0.8754867179612038,0.863557159580091
carnell tate,WR,Carnell Tate,TEN,0.0,0.0,4.5,775.5,61.547619047619044,0.0,0.0,0.0,166.09761904761905,170.5410112790502,10.031824192885306,3.6204481792717083,0.0,0.0,12.600000000000001,0.15831968977726338,56.69342678732597,207.85899145823757,0.6797987593562794,1.1223426379601051,1.657199336914183
christian watson,WR,Christian Watson,GB,0.0,0.0,5.5,763.0,50.87184653476793,0.0,0.0,0.0,160.17184653476792,164.45671432918544,9.673924372305025,2.9924615608687017,0.0,0.0,14.998472671490982,0.20066070354503993,55.97918341094688,204.81689318016575,0.7352391533637871,1.0040318782964093,0.940988119716244
baker mayfield,QB,Baker Mayfield,TB,25.5,3500.5,0.0,0.0,0.0,1.4302933725586338,264.0321565743238,10.584170956933889,266.4208049358503,276.28160043210517,16.251858848947364,0.0,205.91176470588235,15.531303327901398,0.0,0.40025017975283783,55.36786163942916,315.51618426283227,0.4715644119864672,0.23803874432848598,-0.004281188886640308
tucker kraft,TE,Tucker Kraft,GB,0.0,0.0,5.5,700.5,53.25927120358598,0.0,0.0,0.0,156.30927120358598,157.98059427758992,9.292976133975877,3.132898306093293,0.0,0.0,13.15263960939884,0.20888641513789497,55.33824717802137,195.19292503275238,0.7071474748943383,1.1783468545912135,1.7921768329769838
michael pittman,WR,Michael Pittman Jr.,PIT,0.0,0.0,4.5,725.5,63.12468772902368,0.0,0.0,0.0,162.67468772902367,167.02651075845796,9.825088868144586,3.713216925236687,0.0,0.0,11.493126161896674,0.16165098508850195,55.115481576059906,204.58787178190155,0.680243523025738,1.0903225073877043,1.5752967729385121
george kittle,TE,George Kittle,SF,0.0,0.0,5.5,700.5,53.25927120358598,0.0,0.0,0.0,156.30927120358598,157.98059427758992,9.292976133975877,3.132898306093293,0.0,0.0,13.15263960939884,0.20888641513789497,54.997621115415114,193.40456180131622,0.7071474748943383,1.1783468545912135,1.7921768329769838
travis kelce,TE,Travis Kelce,KC,0.0,0.0,4.5,663.0,66.08045053885374,0.0,0.0,0.0,159.38045053885372,161.08461192659243,9.475565407446613,3.887085325814926,0.0,0.0,10.033224570861115,0.16761377562435398,54.38707730862941,193.80344378811762,0.6443413904362474,0.9759627946482274,1.3718499651321423
tyler shough,QB,Tyler Shough,NO,19.5,3450.5,0.0,0.0,0.0,4.342072147651007,269.2084731543624,8.684144295302012,260.3091359060403,269.94372565061497,15.879042685330292,0.0,202.97058823529412,15.835792538491907,0.0,0.3854597199291081,52.92573740554993,311.3088457176339,0.474119678189687,0.2772754398476584,-0.032947952004486414
daniel jones,QB,Daniel Jones,IND,18.5,3325.5,0.0,0.0,0.0,4.375657894736841,347.3178453947368,10.745900775512087,257.25983113238266,266.7815596806028,15.6930329223884,0.0,195.61764705882354,20.43046149380805,0.0,0.37579039379051327,52.02564793764121,307.47476690832286,0.4906053347747758,0.3010894009002299,0.316142877529074
cj stroud,QB,C.J. Stroud,HOU,22.5,3550.5,0.0,0.0,0.0,1.3058109599117322,198.80971864656124,8.161318499448326,251.5745191246782,260.8858222931917,15.346224840775983,0.0,208.85294117647058,11.694689332150661,0.0,0.37501028189075175,50.18375519581339,301.9240125196511,0.5008772217852063,0.39549201748109564,0.09642917470717416
jordan love,QB,Jordan Love,GB,24.5,3500.5,0.0,0.0,0.0,1.6014731448439932,169.43585872449447,8.968249611126362,255.60417513038703,265.06462436053084,15.592036727090049,0.0,205.91176470588235,9.96681521908791,0.0,0.4059720874811967,50.12795588605508,303.97369520333905,0.47862963468719977,0.35895708489905426,0.23462925245489918
michael wilson,WR,Michael Wilson,ARI,0.0,0.0,4.628126474752242,700.5,53.88461538461539,0.0,0.0,0.0,151.70337423312884,155.7616960706991,9.162452710041123,3.1696832579185523,0.0,0.0,13.0,0.1782771987530838,49.729216190211766,193.06968015144577,0.7337673742957678,1.1296349413718703,1.5725784287924771
sam laporta,TE,Sam LaPorta,DET,0.0,0.0,4.5,650.5,57.50617870722433,0.0,0.0,0.0,149.55617870722432,151.1552949362782,8.89148793742813,3.3827163945426078,0.0,0.0,11.311827956989248,0.17862424211723615,49.536748365159475,183.46670102082322,0.6807030498860248,1.0061743574690192,1.251120867397252
chris godwin,WR,Chris Godwin,TB,0.0,0.0,4.5,675.5,57.21071428571429,0.0,0.0,0.0,151.7607142857143,155.8205700666708,9.165915886274753,3.3653361344537815,0.0,0.0,11.80722891566265,0.1732762239827998,49.371113238047954,191.51618830123132,0.7234160197213931,1.094989833530052,1.4683473647288832
quentin johnston,WR,Quentin Johnston,LAC,0.0,0.0,5.5,650.5,49.90516782099095,0.0,0.0,0.0,147.95516782099094,151.91321879767233,8.936071693980725,2.9355981071171144,0.0,0.0,13.034722222222221,0.21722928564861427,48.12847553756255,186.62838337040736,0.7534074104519595,1.0036631883729987,0.8727903444139788
brian thomas,WR,Brian Thomas Jr.,JAX,0.0,0.0,4.5,700.5,47.54524886877828,0.0,0.0,0.0,144.59524886877827,148.46341633083674,8.733142137108043,2.7967793452222516,0.0,0.0,14.733333333333333,0.18186298461456016,47.96409978609114,187.04302243992885,0.7857944912274711,1.0904904983608767,1.1215320435862868
kyler murray,QB,Kyler Murray,MIN,16.790456745311555,3000.5,0.0,0.0,0.0,4.084165154264973,448.80437084089533,8.62212643678161,247.945128554144,257.1221003283781,15.124829431081066,0.0,176.5,26.40025710828796,0.0,0.3565108475302811,47.940002434363976,297.0304726065283,0.5092585208996,0.2961404573396307,0.3583295802707731
jayden reed,WR,Jayden Reed,GB,0.0,0.0,5.254442649434572,650.5,48.34087237479806,0.0,0.0,0.0,144.91752827140547,148.79431725255733,8.752606897209255,2.8435807279292975,0.0,0.0,13.456521739130435,0.21188077931158744,47.55640925826511,185.71551287607656,0.7673087209744864,1.0143962861034834,0.828889135473192
jakobi meyers,WR,Jakobi Meyers,JAX,0.0,0.0,3.7963656800299734,675.5,58.774261283191585,0.0,0.0,0.0,149.10245536337143,153.09119822222587,9.005364601307404,3.457309487246564,0.0,0.0,11.493126161896674,0.1487883976655223,46.150797150876784,185.8802794847336,0.6828862568482171,1.0279650920969308,1.563730580605605
wandale robinson,WR,Wan'Dale Robinson,TEN,0.0,0.0,3.147585765940559,700.5,60.949474506107634,0.0,0.0,0.0,149.88498910175096,153.8946660616111,9.052627415388889,3.5852632062416254,0.0,0.0,11.493126161896674,0.12271714854680288,45.959161134657904,186.3138865442248,0.6648084555535504,1.0013688812533506,1.1023053877051572
romeo doubs,WR,Romeo Doubs,NE,0.0,0.0,4.5,650.5,52.06603301650825,0.0,0.0,0.0,144.11603301650825,147.97138064401784,8.704198861412815,3.0627078245004853,0.0,0.0,12.49375,0.18246771694963942,45.8715699652709,184.21088883477455,0.739242281104909,1.1243701096587002,1.5241532791938317
sam darnold,QB,Sam Darnold,SEA,23.5,3625.5,0.0,0.0,0.0,0.8369113573407202,134.74272853185596,11.298303324099724,246.2174376731302,255.33046396659557,15.019439056858563,0.0,213.26470588235293,7.926042854815057,0.0,0.38781689660423413,45.555412407598844,294.77558493214286,0.4774285802052326,0.38115415582771,0.1791893404616598
aaron jones,RB,Aaron Jones,MIN,0.0,0.0,1.3333333333333335,280.0,36.333333333333336,2.443630714602752,500.5,0.0,137.04511762094984,140.51988852839094,8.265875795787702,2.1372549019607843,0.0,29.441176470588236,7.706422018348623,0.16127100956985088,45.36602903741366,174.41554039218605,0.7744658063193948,1.0559738908632237,1.1993150429418193
dallas goedert,TE,Dallas Goedert,PHI,0.0,0.0,4.5,575.5,55.18493150684932,0.0,0.0,0.0,139.7349315068493,141.22903491782088,8.307590289283581,3.246172441579372,0.0,0.0,10.428571428571429,0.19117881826290822,44.60808935716269,172.8824399856125,0.7122896594652397,1.0380972401748798,1.0483795821766648
xavier worthy,WR,Xavier Worthy,KC,0.0,0.0,3.8918803418803423,650.5,56.154273504273505,0.0,0.0,0.0,144.55555555555554,148.42266115435177,8.730744773785398,3.303192559074912,0.0,0.0,11.584158415841584,0.15732962789959648,44.57460324493619,181.02619099540394,0.7202919289546247,1.1301818424103653,1.5745550384804217
jordan addison,WR,Jordan Addison,MIN,0.0,0.0,4.5,650.5,47.51147746243739,0.0,0.0,0.0,139.56147746243738,143.29498302572821,8.429116648572247,2.794792791908082,0.0,0.0,13.691428571428572,0.1884225074031533,44.08241668931906,179.42644232786785,0.7764533269419882,1.0610786918697785,1.1384311935736218
bhayshul tuten,RB,Bhayshul Tuten,JAX,0.0,0.0,0.8289611752360965,79.0,10.0,5.5,750.5,0.0,130.92376705141658,134.2433314747267,7.896666557336864,0.5882352941176471,0.0,44.14705882352941,7.9,0.2828726509857639,42.643324623348114,168.2788772855926,0.8308892381161161,1.1490368002413884,1.0300061288766829
jk dobbins,RB,J.K. Dobbins,DEN,0.0,0.0,0.315,90.0,15.0,5.5,688.0,0.0,127.69,130.9275724496684,7.7016219088040225,0.8823529411764706,0.0,40.470588235294116,6.0,0.26648321165056754,42.001237498577886,166.23844548293806,0.8459511968264632,1.0957266669977648,0.7292268975182474
mark andrews,TE,Mark Andrews,BAL,0.0,0.0,5.5,500.5,45.19463087248322,0.0,0.0,0.0,128.24463087248324,129.6158752589735,7.624463250527852,2.6585076983813662,0.0,0.0,11.074324324324325,0.2545984427761318,41.61254127880073,164.43893267522563,0.8296092893701408,1.5464882971406626,4.225809203818264
cam ward,QB,Cam Ward,TEN,19.5,3275.5,0.0,0.0,0.0,2.0672136320605867,164.34348374881665,7.235247712212054,230.62238245503315,239.15820288690867,14.068129581582863,0.0,192.6764705882353,9.667263749930392,0.0,0.3780061929764238,41.239828594164464,280.47361404517716,0.529975888529655,0.38093300834020266,0.08768349891006855
jayden higgins,WR,Jayden Higgins,HOU,0.0,0.0,5.3311615968009205,575.5,44.94380952380953,0.0,0.0,0.0,134.48077910461507,138.0783673938183,8.122256905518723,2.6437535014005604,0.0,0.0,12.804878048780488,0.23165808073015762,40.94314203768698,171.12707978637886,0.7813001489343104,1.1876746051672002,2.3019707259523665
bryce young,QB,Bryce Young,CAR,20.5,2888.0,0.0,0.0,0.0,2.7866361114461466,250.10059100229165,9.332179052677466,229.91769671622856,238.42743524372295,14.025143249630762,0.0,169.88235294117646,14.711799470723038,0.0,0.414045542065092,40.41749740831491,278.32735902918597,0.5348411781733137,0.36746377934277474,0.17806597919429157
jake ferguson,TE,Jake Ferguson,DAL,0.0,0.0,4.5,525.5,52.37598304399343,0.0,0.0,0.0,131.92598304399343,133.33658996336737,7.843328821374551,3.080940179058437,0.0,0.0,10.033224570861115,0.2024950541139377,40.15226844916229,163.92713963144854,0.7295352796572646,1.1018318338808333,1.2215042747840545
jalen coker,WR,Jalen Coker,CAR,0.0,0.0,3.58658256880734,625.5,46.62557339449541,0.0,0.0,0.0,130.69506880733945,134.19138294329585,7.893610761370344,2.7426807879114947,0.0,0.0,13.415384615384616,0.16036421222320477,40.11823397941134,169.03654154936,0.803593544671054,1.11491581916608,1.104771841780102
kc concepcion,WR,KC Concepcion,CLE,0.0,0.0,3.678,613.0,48.650793650793645,0.0,0.0,0.0,132.01879365079367,135.5505196651363,7.973559980302135,2.8618113912231555,0.0,0.0,12.600000000000001,0.16280276943619792,39.47170299606232,168.42732345902004,0.7610031994678206,0.9387344607175557,0.4426047518804239
matthew golden,WR,Matthew Golden,GB,0.0,0.0,2.922918687714966,650.5,52.25623268698061,0.0,0.0,0.0,134.8437448132704,138.45104304906627,8.14417900288625,3.073896040410624,0.0,0.0,12.448275862068966,0.12666941136784793,39.19388725713524,169.82664545494762,0.7175686007093813,0.9723732762179623,0.97489406411131
dalton kincaid,TE,Dalton Kincaid,BUF,0.0,0.0,3.5,550.5,50.75531914893617,0.0,0.0,0.0,126.80531914893618,128.161173821971,7.538892577763001,2.985607008760951,0.0,0.0,10.846153846153847,0.1638561771381023,37.94701371703371,159.41737940603477,0.7435853598236788,1.2843338650953937,2.143449153386401
juwan johnson,TE,Juwan Johnson,NO,0.0,0.0,3.188365650969529,575.5,52.28919667590028,0.0,0.0,0.0,128.96939058171745,130.3483843973735,7.667552023374912,3.0758350985823695,0.0,0.0,11.00609756097561,0.14676203310274893,37.93671140464635,160.42873116165578,0.7176507736663589,1.2279645638634917,2.1395882149100798
khalil shakir,WR,Khalil Shakir,BUF,0.0,0.0,2.907949790794979,625.5,54.378661087866114,0.0,0.0,0.0,134.37635983263598,137.97115472970884,8.115950278218167,3.198744769874477,0.0,0.0,11.502673796791443,0.12645903253437743,37.854595446843554,167.79908147994433,0.6856963494752365,0.9578046615518084,0.929519519108732
tre tucker,WR,Tre Tucker,LV,0.0,0.0,3.674968071519796,575.5,45.202107279693486,0.0,0.0,0.0,124.80191570881226,128.1405780322576,7.5376810607210345,2.6589474870407934,0.0,0.0,12.731707317073171,0.1720751440934506,36.920476985633286,161.44190668862447,0.8051184760029889,1.1354634597218523,1.149601252656086
aaron rodgers,QB,Aaron Rodgers,PIT,22.33356420556864,3100.5,0.0,0.0,0.0,0.576196903853527,96.80107984739253,7.730849148081451,218.76069708205353,226.85749153871652,13.344558325806855,0.0,182.38235294117646,5.694181167493678,0.0,0.4090296406612585,36.712389814544345,266.1058277552202,0.5460306829664923,0.38771518986843584,0.23165853508183742
jadarian price,RB,Jadarian Price,SEA,0.0,0.0,0.0,0.0,0.0,6.379250000000001,750.5,0.0,113.3255,116.198861395919,6.835227140936412,0.0,0.0,44.14705882352941,0.0,0.3293965150793145,35.61438126294363,151.95269417445414,0.9474935586755122,1.7042776949008083,3.7769615717951144
makai lemon,WR,Makai Lemon,PHI,0.0,0.0,3.4530000000000003,575.5,45.67460317460317,0.0,0.0,0.0,123.94260317460318,127.25827743439794,7.48578102555282,2.6867413632119512,0.0,0.0,12.600000000000001,0.16280276943619798,35.46955876876743,159.2519621498717,0.7990517236800699,1.1067078144398332,1.084715626205731
jacory croskeymerritt,RB,Jacory Croskey-Merritt,WAS,0.0,0.0,0.23800000000000002,68.0,9.0,5.967701863354037,600.5,0.0,113.08421118012423,115.95145471218824,6.820673806599308,0.5294117647058824,0.0,35.3235294117647,7.555555555555555,0.3211189654545175,34.00363409279745,148.34492330596098,0.9112852483925951,1.527186548188785,3.179854526776478
jeremiyah love,RB,Jeremiyah Love,ARI,0.0,0.0,0.0,0.0,0.0,5.5,775.5,0.0,110.55000000000001,113.35298875644798,6.667822868026352,0.0,0.0,45.61764705882353,0.0,0.2911259805500525,33.95407166472581,147.62834850818828,0.9293148959311669,1.6040220471323858,3.4323232483298884
jordan mason,RB,Jordan Mason,MIN,0.0,0.0,0.20183333333333336,57.66666666666667,9.333333333333334,4.452937820878494,650.5,0.0,108.07862692527095,110.81895416257416,6.5187620095631855,0.5490196078431373,0.0,38.26470588235294,6.178571428571429,0.2520203076839994,33.43565933068003,145.59484617543708,0.9605133051476913,1.563818703579216,3.32241554443615
calvin ridley,WR,Calvin Ridley,TEN,0.0,0.0,3.5,550.5,36.99850171232877,0.0,0.0,0.0,113.04850171232877,116.07274033274803,6.827808254867531,2.176382453666398,0.0,0.0,14.878980891719745,0.18092103227509648,32.013641139307126,148.24698758660674,0.8683878471715253,1.2470126781828257,1.7628093788663017
blake corum,RB,Blake Corum,LAR,0.0,0.0,0.1645,47.0,7.5,4.252885624344176,675.5,0.0,106.25431374606505,108.94838562986709,6.40872856646277,0.4411764705882353,0.0,39.73529411764706,6.266666666666667,0.2432740383699561,31.60804114859693,140.17978543675628,0.9421873202418367,1.4917064107700413,2.9684125929327907
jerry jeudy,WR,Jerry Jeudy,CLE,0.0,0.0,2.47358453126378,550.5,41.25028968713789,0.0,0.0,0.0,111.14179687472057,114.11502791591238,6.712648700936022,2.42648762865517,0.0,0.0,13.34536082474227,0.13005742940814857,29.9854664271594,145.01442385512223,0.8462638885224014,1.1782339486806492,1.3520236103898693
denzel boston,WR,Denzel Boston,CLE,0.0,0.0,3.003,500.5,39.72222222222222,0.0,0.0,0.0,107.79022222222223,110.67379297292123,6.51022311605419,2.3366013071895426,0.0,0.0,12.6,0.16280276943619795,27.90930414880921,139.76329914925768,0.8459274811975783,1.2491063554090986,1.6607523590618678
rashid shaheed,WR,Rashid Shaheed,SEA,0.0,0.0,2.851851851851852,500.5,35.64814814814815,0.0,0.0,0.0,102.80925925925928,105.55958082636624,6.209387107433308,2.0969498910675384,0.0,0.0,14.04,0.16209908164808826,26.480788506669846,135.4994300830427,0.8753425443351025,1.2039990619498733,1.1203204165311043
omar cooper,WR,Omar Cooper Jr.,NYJ,0.0,0.0,2.718,453.0,35.95238095238095,0.0,0.0,0.0,97.56038095238094,100.1702861473193,5.8923697733717235,2.1148459383753497,0.0,0.0,12.600000000000001,0.16280276943619798,24.53923749717089,129.3034085389607,0.9101310504839836,1.3896126626140746,1.9696681462278303
fernando mendoza,QB,Fernando Mendoza,LV,12.5,2125.5,0.0,0.0,0.0,1.0521224999999998,116.9025,5.73885,147.28413499999996,152.73543125078447,8.984437132399087,0.0,125.02941176470588,6.876617647058824,0.0,0.3686946410459084,17.239784725249844,189.15485425197232,0.7496089739851449,0.7085956740170357,0.4397351687964992
