Player,Team,Pos,Market,Line,Over,Under,No-Vig Over %,Hold %,Book,As Of (UTC)
A.J. Brown,NE,WR,Receptions,79.5,-110,-110,50.0%,4.8%,BetRivers,2026-08-18T00:38:27
A.J. Brown,NE,WR,Receiving Yards,1100.5,-106,-115,49.0%,4.9%,BetRivers,2026-08-18T00:38:27
A.J. Brown,NE,WR,Receiving Yards,1100.5,-114,-114,50.0%,6.5%,FanDuel,2026-08-18T00:38:27
A.J. Brown,NE,WR,Receiving TDs,7.5,+110,-134,45.4%,4.9%,BetRivers,2026-08-18T00:38:27
Aaron Jones,MIN,RB,Rushing Yards,500.5,-110,-110,50.0%,4.8%,BetRivers,2026-08-18T00:38:27
Aaron Rodgers,PIT,QB,Passing Yards,3050.5,-114,-114,50.0%,6.5%,FanDuel,2026-08-18T00:38:27
Aaron Rodgers,PIT,QB,Passing Yards,3150.5,+100,-121,47.7%,4.8%,BetRivers,2026-08-18T00:38:27
Amon-Ra St. Brown,DET,WR,Receptions,103.5,-110,-110,50.0%,4.8%,BetRivers,2026-08-18T00:38:27
Amon-Ra St. Brown,DET,WR,Receiving Yards,1225.5,-114,-114,50.0%,6.5%,FanDuel,2026-08-18T00:38:27
Amon-Ra St. Brown,DET,WR,Receiving Yards,1250.5,+100,-121,47.7%,4.8%,BetRivers,2026-08-18T00:38:27
Amon-Ra St. Brown,DET,WR,Receiving TDs,9.5,-110,-110,50.0%,4.8%,BetRivers,2026-08-18T00:38:27
Ashton Jeanty,LV,RB,Rushing Yards,975.5,-115,-106,51.0%,4.9%,BetRivers,2026-08-18T00:38:27
Ashton Jeanty,LV,RB,Rushing Yards,975.5,-114,-114,50.0%,6.5%,FanDuel,2026-08-18T00:38:27
Ashton Jeanty,LV,RB,Rushing TDs,7.5,-110,-110,50.0%,4.8%,BetRivers,2026-08-18T00:38:27
Ashton Jeanty,LV,RB,Rushing TDs,7.5,-108,-122,48.6%,6.9%,FanDuel,2026-08-18T00:38:27
Baker Mayfield,TB,QB,Passing Yards,3500.5,-110,-110,50.0%,4.8%,BetRivers,2026-08-18T00:38:27
Baker Mayfield,TB,QB,Passing Yards,3500.5,-114,-114,50.0%,6.5%,FanDuel,2026-08-18T00:38:27
Baker Mayfield,TB,QB,Passing TDs,25.5,-102,-130,47.2%,7.0%,FanDuel,2026-08-18T00:38:27
Bhayshul Tuten,JAX,RB,Rushing Yards,750.5,-106,-115,49.0%,4.9%,BetRivers,2026-08-18T00:38:27
Bhayshul Tuten,JAX,RB,Rushing TDs,5.5,-106,-115,49.0%,4.9%,BetRivers,2026-08-18T00:38:27
Bijan Robinson,ATL,RB,Rushing Yards,1150.5,-114,-114,50.0%,6.5%,FanDuel,2026-08-18T00:38:27
Bijan Robinson,ATL,RB,Rushing Yards,1175.5,-106,-115,49.0%,4.9%,BetRivers,2026-08-18T00:38:27
Bijan Robinson,ATL,RB,Rushing TDs,8.5,-121,+100,52.3%,4.8%,BetRivers,2026-08-18T00:38:27
Bijan Robinson,ATL,RB,Rushing TDs,9.5,+108,-144,44.9%,7.1%,FanDuel,2026-08-18T00:38:27
Bijan Robinson,ATL,RB,Receptions,65.5,-110,-110,50.0%,4.8%,BetRivers,2026-08-18T00:38:27
Bijan Robinson,ATL,RB,Receiving Yards,575.5,-106,-115,49.0%,4.9%,BetRivers,2026-08-18T00:38:27
Bijan Robinson,ATL,RB,Receiving TDs,3.5,+105,-127,46.6%,4.7%,BetRivers,2026-08-18T00:38:27
Blake Corum,LAR,RB,Rushing Yards,675.5,-110,-110,50.0%,4.8%,BetRivers,2026-08-18T00:38:27
Bo Nix,DEN,QB,Passing Yards,3450.5,-106,-115,49.0%,4.9%,BetRivers,2026-08-18T00:38:27
Breece Hall,NYJ,RB,Rushing Yards,900.5,-114,-114,50.0%,6.5%,FanDuel,2026-08-18T00:38:27
Breece Hall,NYJ,RB,Rushing TDs,5.5,+116,-154,43.3%,6.9%,FanDuel,2026-08-18T00:38:27
Brian Thomas Jr.,JAX,WR,Receiving Yards,700.5,-110,-110,50.0%,4.8%,BetRivers,2026-08-18T00:38:27
Brian Thomas Jr.,JAX,WR,Receiving TDs,4.5,-115,-106,51.0%,4.9%,BetRivers,2026-08-18T00:38:27
Brock Bowers,LV,TE,Receptions,84.5,-110,-110,50.0%,4.8%,BetRivers,2026-08-18T00:38:27
Brock Bowers,LV,TE,Receiving Yards,900.5,-114,-114,50.0%,6.5%,FanDuel,2026-08-18T00:38:27
Brock Bowers,LV,TE,Receiving Yards,950.5,-106,-115,49.0%,4.9%,BetRivers,2026-08-18T00:38:27
Brock Bowers,LV,TE,Receiving TDs,7.5,+120,-148,43.2%,5.1%,BetRivers,2026-08-18T00:38:27
Brock Purdy,SF,QB,Passing Yards,3750.5,-115,-106,51.0%,4.9%,BetRivers,2026-08-18T00:38:27
Brock Purdy,SF,QB,Passing Yards,3775.5,-114,-114,50.0%,6.5%,FanDuel,2026-08-18T00:38:27
Brock Purdy,SF,QB,Passing TDs,27.5,-114,-114,50.0%,6.5%,FanDuel,2026-08-18T00:38:27
Bryce Young,CAR,QB,Passing Yards,2875.5,-114,-114,50.0%,6.5%,FanDuel,2026-08-18T00:38:27
Bryce Young,CAR,QB,Passing Yards,2900.5,-110,-110,50.0%,4.8%,BetRivers,2026-08-18T00:38:27
Bryce Young,CAR,QB,Passing TDs,20.5,-114,-114,50.0%,6.5%,FanDuel,2026-08-18T00:38:27
Bucky Irving,TB,RB,Rushing Yards,800.5,-110,-110,50.0%,4.8%,BetRivers,2026-08-18T00:38:27
Bucky Irving,TB,RB,Rushing TDs,4.5,-127,+105,53.4%,4.7%,BetRivers,2026-08-18T00:38:27
C.J. Stroud,HOU,QB,Passing Yards,3550.5,-110,-110,50.0%,4.8%,BetRivers,2026-08-18T00:38:27
C.J. Stroud,HOU,QB,Passing Yards,3550.5,-114,-114,50.0%,6.5%,FanDuel,2026-08-18T00:38:27
C.J. Stroud,HOU,QB,Passing TDs,22.5,-122,-108,51.4%,6.9%,FanDuel,2026-08-18T00:38:27
Caleb Williams,CHI,QB,Passing Yards,3575.5,-114,-114,50.0%,6.5%,FanDuel,2026-08-18T00:38:27
Caleb Williams,CHI,QB,Passing Yards,3650.5,-115,-106,51.0%,4.9%,BetRivers,2026-08-18T00:38:27
Caleb Williams,CHI,QB,Passing TDs,24.5,+100,-132,46.8%,6.9%,FanDuel,2026-08-18T00:38:27
Calvin Ridley,TEN,WR,Receiving Yards,550.5,-110,-110,50.0%,4.8%,BetRivers,2026-08-18T00:38:27
Calvin Ridley,TEN,WR,Receiving TDs,3.5,+115,-139,44.4%,4.7%,BetRivers,2026-08-18T00:38:27
Cam Skattebo,NYG,RB,Rushing Yards,800.5,-106,-115,49.0%,4.9%,BetRivers,2026-08-18T00:38:27
Cam Skattebo,NYG,RB,Rushing TDs,6.5,+110,-134,45.4%,4.9%,BetRivers,2026-08-18T00:38:27
Cam Ward,TEN,QB,Passing Yards,3250.5,-114,-114,50.0%,6.5%,FanDuel,2026-08-18T00:38:27
Cam Ward,TEN,QB,Passing Yards,3300.5,-106,-115,49.0%,4.9%,BetRivers,2026-08-18T00:38:27
Cam Ward,TEN,QB,Passing TDs,19.5,+102,-136,46.2%,7.1%,FanDuel,2026-08-18T00:38:27
Carnell Tate,TEN,WR,Receiving Yards,775.5,-118,-104,51.5%,5.1%,BetRivers,2026-08-18T00:38:27
Carnell Tate,TEN,WR,Receiving Yards,775.5,-114,-114,50.0%,6.5%,FanDuel,2026-08-18T00:38:27
Carnell Tate,TEN,WR,Receiving TDs,4.5,+105,-127,46.6%,4.7%,BetRivers,2026-08-18T00:38:27
CeeDee Lamb,DAL,WR,Receptions,92.5,-110,-110,50.0%,4.8%,BetRivers,2026-08-18T00:38:27
CeeDee Lamb,DAL,WR,Receiving Yards,1175.5,-115,-106,51.0%,4.9%,BetRivers,2026-08-18T00:38:27
CeeDee Lamb,DAL,WR,Receiving Yards,1200.5,-114,-114,50.0%,6.5%,FanDuel,2026-08-18T00:38:27
CeeDee Lamb,DAL,WR,Receiving TDs,7.5,-121,+100,52.3%,4.8%,BetRivers,2026-08-18T00:38:27
Chase Brown,CIN,RB,Rushing Yards,825.5,-114,-114,50.0%,6.5%,FanDuel,2026-08-18T00:38:27
Chase Brown,CIN,RB,Rushing Yards,850.5,-115,-106,51.0%,4.9%,BetRivers,2026-08-18T00:38:27
Chase Brown,CIN,RB,Rushing TDs,5.5,-121,+100,52.3%,4.8%,BetRivers,2026-08-18T00:38:27
Chase Brown,CIN,RB,Rushing TDs,5.5,-144,+108,55.1%,7.1%,FanDuel,2026-08-18T00:38:27
Chris Godwin,TB,WR,Receiving Yards,675.5,-110,-110,50.0%,4.8%,BetRivers,2026-08-18T00:38:27
Chris Godwin,TB,WR,Receiving TDs,4.5,-121,+100,52.3%,4.8%,BetRivers,2026-08-18T00:38:27
Chris Olave,NO,WR,Receptions,84.5,-115,-106,51.0%,4.9%,BetRivers,2026-08-18T00:38:27
Chris Olave,NO,WR,Receiving Yards,1050.5,-110,-110,50.0%,4.8%,BetRivers,2026-08-18T00:38:27
Chris Olave,NO,WR,Receiving Yards,1050.5,-114,-114,50.0%,6.5%,FanDuel,2026-08-18T00:38:27
Chris Olave,NO,WR,Receiving TDs,5.5,-115,-106,51.0%,4.9%,BetRivers,2026-08-18T00:38:27
Christian McCaffrey,SF,RB,Rushing Yards,900.5,-114,-114,50.0%,6.5%,FanDuel,2026-08-18T00:38:27
Christian McCaffrey,SF,RB,Rushing Yards,950.5,+100,-121,47.7%,4.8%,BetRivers,2026-08-18T00:38:27
Christian McCaffrey,SF,RB,Rushing TDs,8.5,+110,-134,45.4%,4.9%,BetRivers,2026-08-18T00:38:27
Christian McCaffrey,SF,RB,Rushing TDs,8.5,+106,-140,45.4%,6.9%,FanDuel,2026-08-18T00:38:27
Christian McCaffrey,SF,RB,Receptions,60.5,-110,-110,50.0%,4.8%,BetRivers,2026-08-18T00:38:27
Christian McCaffrey,SF,RB,Receiving Yards,550.5,-115,-106,51.0%,4.9%,BetRivers,2026-08-18T00:38:27
Christian McCaffrey,SF,RB,Receiving Yards,550.5,-114,-114,50.0%,6.5%,FanDuel,2026-08-18T00:38:27
Christian McCaffrey,SF,RB,Receiving TDs,4.5,+115,-139,44.4%,4.7%,BetRivers,2026-08-18T00:38:27
Christian Watson,GB,WR,Receiving Yards,750.5,-121,+100,52.3%,4.8%,BetRivers,2026-08-18T00:38:27
Christian Watson,GB,WR,Receiving Yards,775.5,-114,-114,50.0%,6.5%,FanDuel,2026-08-18T00:38:27
Christian Watson,GB,WR,Receiving TDs,5.5,-139,+115,55.6%,4.7%,BetRivers,2026-08-18T00:38:27
Colston Loveland,CHI,TE,Receptions,70.5,-110,-110,50.0%,4.8%,BetRivers,2026-08-18T00:38:27
Colston Loveland,CHI,TE,Receiving Yards,800.5,-115,-106,51.0%,4.9%,BetRivers,2026-08-18T00:38:27
Colston Loveland,CHI,TE,Receiving Yards,800.5,-114,-114,50.0%,6.5%,FanDuel,2026-08-18T00:38:27
Colston Loveland,CHI,TE,Receiving TDs,5.5,-139,+115,55.6%,4.7%,BetRivers,2026-08-18T00:38:27
Courtland Sutton,DEN,WR,Receiving Yards,725.5,-110,-110,50.0%,4.8%,BetRivers,2026-08-18T00:38:27
Courtland Sutton,DEN,WR,Receiving Yards,725.5,-114,-114,50.0%,6.5%,FanDuel,2026-08-18T00:38:27
Courtland Sutton,DEN,WR,Receiving TDs,6.5,-139,+115,55.6%,4.7%,BetRivers,2026-08-18T00:38:27
DJ Moore,BUF,WR,Receiving Yards,800.5,-115,-106,51.0%,4.9%,BetRivers,2026-08-18T00:38:27
DJ Moore,BUF,WR,Receiving TDs,6.5,+125,-152,42.4%,4.8%,BetRivers,2026-08-18T00:38:27
DK Metcalf,PIT,WR,Receiving Yards,825.5,+100,-121,47.7%,4.8%,BetRivers,2026-08-18T00:38:27
DK Metcalf,PIT,WR,Receiving TDs,5.5,-106,-115,49.0%,4.9%,BetRivers,2026-08-18T00:38:27
Dak Prescott,DAL,QB,Passing Yards,4000.5,-110,-110,50.0%,4.8%,BetRivers,2026-08-18T00:38:27
Dak Prescott,DAL,QB,Passing Yards,4000.5,-114,-114,50.0%,6.5%,FanDuel,2026-08-18T00:38:27
Dak Prescott,DAL,QB,Passing TDs,27.5,-108,-122,48.6%,6.9%,FanDuel,2026-08-18T00:38:27
Dallas Goedert,PHI,TE,Receiving Yards,575.5,+100,-121,47.7%,4.8%,BetRivers,2026-08-18T00:38:27
Dallas Goedert,PHI,TE,Receiving TDs,4.5,-134,+110,54.6%,4.9%,BetRivers,2026-08-18T00:38:27
Dalton Kincaid,BUF,TE,Receiving Yards,550.5,+100,-121,47.7%,4.8%,BetRivers,2026-08-18T00:38:27
Dalton Kincaid,BUF,TE,Receiving TDs,3.5,-152,+125,57.6%,4.8%,BetRivers,2026-08-18T00:38:27
Daniel Jones,IND,QB,Passing Yards,3300.5,-114,-114,50.0%,6.5%,FanDuel,2026-08-18T00:38:27
Daniel Jones,IND,QB,Passing Yards,3350.5,-115,-106,51.0%,4.9%,BetRivers,2026-08-18T00:38:27
Daniel Jones,IND,QB,Passing TDs,18.5,+102,-136,46.2%,7.1%,FanDuel,2026-08-18T00:38:27
Davante Adams,LAR,WR,Receiving Yards,775.5,-114,-114,50.0%,6.5%,FanDuel,2026-08-18T00:38:27
Davante Adams,LAR,WR,Receiving Yards,800.5,+100,-121,47.7%,4.8%,BetRivers,2026-08-18T00:38:27
Davante Adams,LAR,WR,Receiving TDs,9.5,+105,-127,46.6%,4.7%,BetRivers,2026-08-18T00:38:27
David Montgomery,HOU,RB,Rushing Yards,825.5,-110,-110,50.0%,4.8%,BetRivers,2026-08-18T00:38:27
David Montgomery,HOU,RB,Rushing Yards,825.5,-114,-114,50.0%,6.5%,FanDuel,2026-08-18T00:38:27
David Montgomery,HOU,RB,Rushing TDs,7.5,+100,-121,47.7%,4.8%,BetRivers,2026-08-18T00:38:27
David Montgomery,HOU,RB,Rushing TDs,7.5,-102,-130,47.2%,7.0%,FanDuel,2026-08-18T00:38:27
De'Von Achane,MIA,RB,Rushing Yards,975.5,-114,-114,50.0%,6.5%,FanDuel,2026-08-18T00:38:27
De'Von Achane,MIA,RB,Rushing Yards,1000.5,+100,-121,47.7%,4.8%,BetRivers,2026-08-18T00:38:27
De'Von Achane,MIA,RB,Rushing TDs,5.5,+120,-148,43.2%,5.1%,BetRivers,2026-08-18T00:38:27
DeVonta Smith,PHI,WR,Receptions,78.5,-110,-110,50.0%,4.8%,BetRivers,2026-08-18T00:38:27
DeVonta Smith,PHI,WR,Receiving Yards,1025.5,-110,-110,50.0%,4.8%,BetRivers,2026-08-18T00:38:27
DeVonta Smith,PHI,WR,Receiving TDs,5.5,-110,-110,50.0%,4.8%,BetRivers,2026-08-18T00:38:27
Denzel Boston,CLE,WR,Receiving Yards,500.5,-115,-106,51.0%,4.9%,BetRivers,2026-08-18T00:38:27
Derrick Henry,BAL,RB,Rushing Yards,1225.5,+100,-121,47.7%,4.8%,BetRivers,2026-08-18T00:38:27
Derrick Henry,BAL,RB,Rushing Yards,1225.5,-114,-114,50.0%,6.5%,FanDuel,2026-08-18T00:38:27
Derrick Henry,BAL,RB,Rushing TDs,12.5,+100,-121,47.7%,4.8%,BetRivers,2026-08-18T00:38:27
Derrick Henry,BAL,RB,Rushing TDs,12.5,-130,-102,52.8%,7.0%,FanDuel,2026-08-18T00:38:27
Drake London,ATL,WR,Receptions,87.5,-110,-110,50.0%,4.8%,BetRivers,2026-08-18T00:38:27
Drake London,ATL,WR,Receiving Yards,1100.5,-110,-110,50.0%,4.8%,BetRivers,2026-08-18T00:38:27
Drake London,ATL,WR,Receiving Yards,1100.5,-114,-114,50.0%,6.5%,FanDuel,2026-08-18T00:38:27
Drake London,ATL,WR,Receiving TDs,7.5,+110,-134,45.4%,4.9%,BetRivers,2026-08-18T00:38:27
Drake Maye,NE,QB,Passing Yards,3750.5,-115,-106,51.0%,4.9%,BetRivers,2026-08-18T00:38:27
Drake Maye,NE,QB,Passing Yards,3750.5,-114,-114,50.0%,6.5%,FanDuel,2026-08-18T00:38:27
Drake Maye,NE,QB,Passing TDs,25.5,-144,+108,55.1%,7.1%,FanDuel,2026-08-18T00:38:27
Drake Maye,NE,QB,Rushing Yards,400.5,-114,-114,50.0%,6.5%,FanDuel,2026-08-18T00:38:27
Drake Maye,NE,QB,Rushing Yards,425.5,-106,-115,49.0%,4.9%,BetRivers,2026-08-18T00:38:27
Drake Maye,NE,QB,Rushing TDs,3.5,-106,-115,49.0%,4.9%,BetRivers,2026-08-18T00:38:27
Drake Maye,NE,QB,Rushing TDs,3.5,-108,-122,48.6%,6.9%,FanDuel,2026-08-18T00:38:27
Fernando Mendoza,LV,QB,Passing Yards,2100.5,-114,-114,50.0%,6.5%,FanDuel,2026-08-18T00:38:27
Fernando Mendoza,LV,QB,Passing Yards,2150.5,-110,-110,50.0%,4.8%,BetRivers,2026-08-18T00:38:27
Fernando Mendoza,LV,QB,Passing TDs,12.5,-114,-114,50.0%,6.5%,FanDuel,2026-08-18T00:38:27
Garrett Wilson,NYJ,WR,Receptions,85.5,-110,-110,50.0%,4.8%,BetRivers,2026-08-18T00:38:27
Garrett Wilson,NYJ,WR,Receiving Yards,975.5,-110,-110,50.0%,4.8%,BetRivers,2026-08-18T00:38:27
Garrett Wilson,NYJ,WR,Receiving Yards,975.5,-114,-114,50.0%,6.5%,FanDuel,2026-08-18T00:38:27
Garrett Wilson,NYJ,WR,Receiving TDs,4.5,-121,+100,52.3%,4.8%,BetRivers,2026-08-18T00:38:27
George Kittle,SF,TE,Receiving Yards,700.5,+100,-121,47.7%,4.8%,BetRivers,2026-08-18T00:38:27
George Kittle,SF,TE,Receiving Yards,700.5,-114,-114,50.0%,6.5%,FanDuel,2026-08-18T00:38:27
George Kittle,SF,TE,Receiving TDs,5.5,-121,+100,52.3%,4.8%,BetRivers,2026-08-18T00:38:27
George Pickens,DAL,WR,Receptions,77.5,-110,-110,50.0%,4.8%,BetRivers,2026-08-18T00:38:27
George Pickens,DAL,WR,Receiving Yards,1000.5,-115,-106,51.0%,4.9%,BetRivers,2026-08-18T00:38:27
George Pickens,DAL,WR,Receiving Yards,1050.5,-114,-114,50.0%,6.5%,FanDuel,2026-08-18T00:38:27
George Pickens,DAL,WR,Receiving TDs,7.5,+115,-139,44.4%,4.7%,BetRivers,2026-08-18T00:38:27
Harold Fannin Jr.,CLE,TE,Receiving Yards,675.5,-110,-110,50.0%,4.8%,BetRivers,2026-08-18T00:38:27
J.K. Dobbins,DEN,RB,Rushing Yards,675.5,-110,-110,50.0%,4.8%,BetRivers,2026-08-18T00:38:27
J.K. Dobbins,DEN,RB,Rushing Yards,700.5,-114,-114,50.0%,6.5%,FanDuel,2026-08-18T00:38:27
J.K. Dobbins,DEN,RB,Rushing TDs,5.5,+110,-134,45.4%,4.9%,BetRivers,2026-08-18T00:38:27
Ja'Marr Chase,CIN,WR,Receptions,109.5,-110,-110,50.0%,4.8%,BetRivers,2026-08-18T00:38:27
Ja'Marr Chase,CIN,WR,Receiving Yards,1325.5,-110,-110,50.0%,4.8%,BetRivers,2026-08-18T00:38:27
Ja'Marr Chase,CIN,WR,Receiving Yards,1325.5,-114,-114,50.0%,6.5%,FanDuel,2026-08-18T00:38:27
Ja'Marr Chase,CIN,WR,Receiving TDs,10.5,+115,-139,44.4%,4.7%,BetRivers,2026-08-18T00:38:27
Jacory Croskey-Merritt,WAS,RB,Rushing Yards,600.5,-110,-110,50.0%,4.8%,BetRivers,2026-08-18T00:38:27
Jadarian Price,SEA,RB,Rushing Yards,750.5,-106,-115,49.0%,4.9%,BetRivers,2026-08-18T00:38:27
Jahmyr Gibbs,DET,RB,Rushing Yards,1200.5,-115,-106,51.0%,4.9%,BetRivers,2026-08-18T00:38:27
Jahmyr Gibbs,DET,RB,Rushing Yards,1200.5,-114,-114,50.0%,6.5%,FanDuel,2026-08-18T00:38:27
Jahmyr Gibbs,DET,RB,Rushing TDs,11.5,-136,+102,53.8%,7.1%,FanDuel,2026-08-18T00:38:27
Jahmyr Gibbs,DET,RB,Rushing TDs,12.5,+100,-121,47.7%,4.8%,BetRivers,2026-08-18T00:38:27
Jahmyr Gibbs,DET,RB,Receptions,60.5,-110,-110,50.0%,4.8%,BetRivers,2026-08-18T00:38:27
Jahmyr Gibbs,DET,RB,Receiving Yards,475.5,-110,-110,50.0%,4.8%,BetRivers,2026-08-18T00:38:27
Jahmyr Gibbs,DET,RB,Receiving Yards,475.5,-114,-114,50.0%,6.5%,FanDuel,2026-08-18T00:38:27
Jahmyr Gibbs,DET,RB,Receiving TDs,3.5,-121,+100,52.3%,4.8%,BetRivers,2026-08-18T00:38:27
Jake Ferguson,DAL,TE,Receiving Yards,525.5,-106,-115,49.0%,4.9%,BetRivers,2026-08-18T00:38:27
Jake Ferguson,DAL,TE,Receiving TDs,4.5,-127,+105,53.4%,4.7%,BetRivers,2026-08-18T00:38:27
Jakobi Meyers,JAX,WR,Receiving Yards,675.5,-110,-110,50.0%,4.8%,BetRivers,2026-08-18T00:38:27
Jalen Coker,CAR,WR,Receiving Yards,625.5,+100,-121,47.7%,4.8%,BetRivers,2026-08-18T00:38:27
Jalen Hurts,PHI,QB,Passing Yards,3150.5,-114,-114,50.0%,6.5%,FanDuel,2026-08-18T00:38:27
Jalen Hurts,PHI,QB,Passing Yards,3250.5,-106,-115,49.0%,4.9%,BetRivers,2026-08-18T00:38:27
Jalen Hurts,PHI,QB,Passing TDs,21.5,-122,-108,51.4%,6.9%,FanDuel,2026-08-18T00:38:27
Jalen Hurts,PHI,QB,Rushing Yards,400.5,-110,-110,50.0%,4.8%,BetRivers,2026-08-18T00:38:27
Jalen Hurts,PHI,QB,Rushing Yards,400.5,-114,-114,50.0%,6.5%,FanDuel,2026-08-18T00:38:27
Jalen Hurts,PHI,QB,Rushing TDs,7.5,-148,+112,55.9%,6.8%,FanDuel,2026-08-18T00:38:27
Jalen Hurts,PHI,QB,Rushing TDs,8.5,+115,-139,44.4%,4.7%,BetRivers,2026-08-18T00:38:27
James Cook,BUF,RB,Rushing Yards,1175.5,-114,-114,50.0%,6.5%,FanDuel,2026-08-18T00:38:27
James Cook,BUF,RB,Rushing Yards,1250.5,+100,-121,47.7%,4.8%,BetRivers,2026-08-18T00:38:27
James Cook,BUF,RB,Rushing TDs,10.5,+110,-134,45.4%,4.9%,BetRivers,2026-08-18T00:38:27
James Cook,BUF,RB,Rushing TDs,10.5,+106,-140,45.4%,6.9%,FanDuel,2026-08-18T00:38:27
Jameson Williams,DET,WR,Receiving Yards,900.5,-110,-110,50.0%,4.8%,BetRivers,2026-08-18T00:38:27
Jameson Williams,DET,WR,Receiving Yards,900.5,-114,-114,50.0%,6.5%,FanDuel,2026-08-18T00:38:27
Jameson Williams,DET,WR,Receiving TDs,5.5,-115,-106,51.0%,4.9%,BetRivers,2026-08-18T00:38:27
Jared Goff,DET,QB,Passing Yards,4000.5,-121,+100,52.3%,4.8%,BetRivers,2026-08-18T00:38:27
Jared Goff,DET,QB,Passing Yards,4050.5,-114,-114,50.0%,6.5%,FanDuel,2026-08-18T00:38:27
Jared Goff,DET,QB,Passing TDs,29.5,-108,-122,48.6%,6.9%,FanDuel,2026-08-18T00:38:27
Javonte Williams,DAL,RB,Rushing Yards,925.5,-114,-114,50.0%,6.5%,FanDuel,2026-08-18T00:38:27
Javonte Williams,DAL,RB,Rushing Yards,950.5,+100,-121,47.7%,4.8%,BetRivers,2026-08-18T00:38:27
Javonte Williams,DAL,RB,Rushing TDs,9.5,+100,-121,47.7%,4.8%,BetRivers,2026-08-18T00:38:27
Javonte Williams,DAL,RB,Rushing TDs,9.5,-128,-104,52.4%,7.1%,FanDuel,2026-08-18T00:38:27
Jaxon Smith-Njigba,SEA,WR,Receptions,99.5,-110,-110,50.0%,4.8%,BetRivers,2026-08-18T00:38:27
Jaxon Smith-Njigba,SEA,WR,Receiving Yards,1325.5,+100,-121,47.7%,4.8%,BetRivers,2026-08-18T00:38:27
Jaxon Smith-Njigba,SEA,WR,Receiving Yards,1350.5,-114,-114,50.0%,6.5%,FanDuel,2026-08-18T00:38:27
Jaxon Smith-Njigba,SEA,WR,Receiving TDs,8.5,+105,-127,46.6%,4.7%,BetRivers,2026-08-18T00:38:27
Jaxson Dart,NYG,QB,Passing Yards,3100.5,-114,-114,50.0%,6.5%,FanDuel,2026-08-18T00:38:27
Jaxson Dart,NYG,QB,Passing Yards,3150.5,-110,-110,50.0%,4.8%,BetRivers,2026-08-18T00:38:27
Jaxson Dart,NYG,QB,Passing TDs,19.5,-108,-122,48.6%,6.9%,FanDuel,2026-08-18T00:38:27
Jaxson Dart,NYG,QB,Rushing Yards,450.5,-110,-110,50.0%,4.8%,BetRivers,2026-08-18T00:38:27
Jaxson Dart,NYG,QB,Rushing Yards,475.5,-114,-114,50.0%,6.5%,FanDuel,2026-08-18T00:38:27
Jaxson Dart,NYG,QB,Rushing TDs,5.5,-121,+100,52.3%,4.8%,BetRivers,2026-08-18T00:38:27
Jaxson Dart,NYG,QB,Rushing TDs,5.5,-118,-112,50.6%,7.0%,FanDuel,2026-08-18T00:38:27
Jayden Daniels,WAS,QB,Passing Yards,3200.5,-110,-110,50.0%,4.8%,BetRivers,2026-08-18T00:38:27
Jayden Daniels,WAS,QB,Passing Yards,3200.5,-114,-114,50.0%,6.5%,FanDuel,2026-08-18T00:38:27
Jayden Daniels,WAS,QB,Passing TDs,21.5,-102,-130,47.2%,7.0%,FanDuel,2026-08-18T00:38:27
Jayden Daniels,WAS,QB,Rushing Yards,575.5,-106,-115,49.0%,4.9%,BetRivers,2026-08-18T00:38:27
Jayden Daniels,WAS,QB,Rushing TDs,4.5,-115,-106,51.0%,4.9%,BetRivers,2026-08-18T00:38:27
Jayden Higgins,HOU,WR,Receiving Yards,575.5,+100,-121,47.7%,4.8%,BetRivers,2026-08-18T00:38:27
Jayden Reed,GB,WR,Receiving Yards,650.5,+100,-121,47.7%,4.8%,BetRivers,2026-08-18T00:38:27
Jaylen Waddle,DEN,WR,Receiving Yards,900.5,-106,-115,49.0%,4.9%,BetRivers,2026-08-18T00:38:27
Jaylen Waddle,DEN,WR,Receiving Yards,925.5,-114,-114,50.0%,6.5%,FanDuel,2026-08-18T00:38:27
Jaylen Waddle,DEN,WR,Receiving TDs,5.5,-106,-115,49.0%,4.9%,BetRivers,2026-08-18T00:38:27
Jaylen Warren,PIT,RB,Rushing Yards,600.5,-121,+100,52.3%,4.8%,BetRivers,2026-08-18T00:38:27
Jaylen Warren,PIT,RB,Rushing Yards,625.5,-114,-114,50.0%,6.5%,FanDuel,2026-08-18T00:38:27
Jeremiyah Love,ARI,RB,Rushing Yards,775.5,-114,-114,50.0%,6.5%,FanDuel,2026-08-18T00:38:27
Jeremiyah Love,ARI,RB,Rushing TDs,5.5,-122,-108,51.4%,6.9%,FanDuel,2026-08-18T00:38:27
Jerry Jeudy,CLE,WR,Receiving Yards,550.5,-110,-110,50.0%,4.8%,BetRivers,2026-08-18T00:38:27
Joe Burrow,CIN,QB,Passing Yards,3950.5,+100,-121,47.7%,4.8%,BetRivers,2026-08-18T00:38:27
Joe Burrow,CIN,QB,Passing TDs,32.5,-114,-114,50.0%,6.5%,FanDuel,2026-08-18T00:38:27
Jonathan Taylor,IND,RB,Rushing Yards,1225.5,-114,-114,50.0%,6.5%,FanDuel,2026-08-18T00:38:27
Jonathan Taylor,IND,RB,Rushing Yards,1250.5,-110,-110,50.0%,4.8%,BetRivers,2026-08-18T00:38:27
Jonathan Taylor,IND,RB,Rushing TDs,11.5,-115,-106,51.0%,4.9%,BetRivers,2026-08-18T00:38:27
Jonathan Taylor,IND,RB,Rushing TDs,11.5,-114,-114,50.0%,6.5%,FanDuel,2026-08-18T00:38:27
Jordan Addison,MIN,WR,Receiving Yards,650.5,-106,-115,49.0%,4.9%,BetRivers,2026-08-18T00:38:27
Jordan Addison,MIN,WR,Receiving TDs,4.5,+105,-127,46.6%,4.7%,BetRivers,2026-08-18T00:38:27
Jordan Love,GB,QB,Passing Yards,3500.5,-110,-110,50.0%,4.8%,BetRivers,2026-08-18T00:38:27
Jordan Love,GB,QB,Passing Yards,3500.5,-114,-114,50.0%,6.5%,FanDuel,2026-08-18T00:38:27
Jordan Love,GB,QB,Passing TDs,24.5,-102,-130,47.2%,7.0%,FanDuel,2026-08-18T00:38:27
Jordan Mason,MIN,RB,Rushing Yards,650.5,-110,-110,50.0%,4.8%,BetRivers,2026-08-18T00:38:27
Josh Allen,BUF,QB,Passing Yards,3600.5,-110,-110,50.0%,4.8%,BetRivers,2026-08-18T00:38:27
Josh Allen,BUF,QB,Passing Yards,3600.5,-114,-114,50.0%,6.5%,FanDuel,2026-08-18T00:38:27
Josh Allen,BUF,QB,Passing TDs,24.5,-120,-110,51.0%,6.9%,FanDuel,2026-08-18T00:38:27
Josh Allen,BUF,QB,Rushing Yards,500.5,-110,-110,50.0%,4.8%,BetRivers,2026-08-18T00:38:27
Josh Allen,BUF,QB,Rushing Yards,500.5,-114,-114,50.0%,6.5%,FanDuel,2026-08-18T00:38:27
Josh Allen,BUF,QB,Rushing TDs,10.5,-121,+100,52.3%,4.8%,BetRivers,2026-08-18T00:38:27
Josh Allen,BUF,QB,Rushing TDs,10.5,-128,-104,52.4%,7.1%,FanDuel,2026-08-18T00:38:27
Josh Downs,IND,WR,Receiving Yards,775.5,-115,-106,51.0%,4.9%,BetRivers,2026-08-18T00:38:27
Justin Herbert,LAC,QB,Passing Yards,3500.5,-110,-110,50.0%,4.8%,BetRivers,2026-08-18T00:38:27
Justin Herbert,LAC,QB,Passing Yards,3500.5,-114,-114,50.0%,6.5%,FanDuel,2026-08-18T00:38:27
Justin Herbert,LAC,QB,Passing TDs,25.5,-108,-122,48.6%,6.9%,FanDuel,2026-08-18T00:38:27
Justin Jefferson,MIN,WR,Receptions,91.5,-110,-110,50.0%,4.8%,BetRivers,2026-08-18T00:38:27
Justin Jefferson,MIN,WR,Receiving Yards,1150.5,-114,-114,50.0%,6.5%,FanDuel,2026-08-18T00:38:27
Justin Jefferson,MIN,WR,Receiving Yards,1200.5,+100,-121,47.7%,4.8%,BetRivers,2026-08-18T00:38:27
Justin Jefferson,MIN,WR,Receiving TDs,7.5,+105,-127,46.6%,4.7%,BetRivers,2026-08-18T00:38:27
Juwan Johnson,NO,TE,Receiving Yards,575.5,-110,-110,50.0%,4.8%,BetRivers,2026-08-18T00:38:27
KC Concepcion,CLE,WR,Receiving Yards,600.5,-114,-114,50.0%,6.5%,FanDuel,2026-08-18T00:38:27
KC Concepcion,CLE,WR,Receiving Yards,625.5,+100,-121,47.7%,4.8%,BetRivers,2026-08-18T00:38:27
Kenneth Walker,KC,RB,Rushing Yards,925.5,-114,-114,50.0%,6.5%,FanDuel,2026-08-18T00:38:27
Kenneth Walker III,KC,RB,Rushing Yards,925.5,-110,-110,50.0%,4.8%,BetRivers,2026-08-18T00:38:27
Kenneth Walker III,KC,RB,Rushing TDs,7.5,-106,-115,49.0%,4.9%,BetRivers,2026-08-18T00:38:27
Kenneth Walker III,KC,RB,Rushing TDs,7.5,-102,-130,47.2%,7.0%,FanDuel,2026-08-18T00:38:27
Khalil Shakir,BUF,WR,Receiving Yards,625.5,-110,-110,50.0%,4.8%,BetRivers,2026-08-18T00:38:27
Kyle Pitts,ATL,TE,Receiving Yards,725.5,-114,-114,50.0%,6.5%,FanDuel,2026-08-18T00:38:27
Kyle Pitts,ATL,TE,Receiving Yards,775.5,-106,-115,49.0%,4.9%,BetRivers,2026-08-18T00:38:27
Kyle Pitts,ATL,TE,Receiving TDs,4.5,-110,-110,50.0%,4.8%,BetRivers,2026-08-18T00:38:27
Kyler Murray,MIN,QB,Passing Yards,3000.5,-106,-115,49.0%,4.9%,BetRivers,2026-08-18T00:38:27
Kyren Williams,LAR,RB,Rushing Yards,925.5,-114,-114,50.0%,6.5%,FanDuel,2026-08-18T00:38:27
Kyren Williams,LAR,RB,Rushing Yards,975.5,-110,-110,50.0%,4.8%,BetRivers,2026-08-18T00:38:27
Kyren Williams,LAR,RB,Rushing TDs,9.5,-127,+105,53.4%,4.7%,BetRivers,2026-08-18T00:38:27
Ladd McConkey,LAC,WR,Receptions,72.5,-110,-110,50.0%,4.8%,BetRivers,2026-08-18T00:38:27
Ladd McConkey,LAC,WR,Receiving Yards,875.5,-114,-114,50.0%,6.5%,FanDuel,2026-08-18T00:38:27
Ladd McConkey,LAC,WR,Receiving Yards,900.5,-106,-115,49.0%,4.9%,BetRivers,2026-08-18T00:38:27
Ladd McConkey,LAC,WR,Receiving TDs,5.5,-148,+120,56.8%,5.1%,BetRivers,2026-08-18T00:38:27
Lamar Jackson,BAL,QB,Passing Yards,3200.5,-114,-114,50.0%,6.5%,FanDuel,2026-08-18T00:38:27
Lamar Jackson,BAL,QB,Passing Yards,3250.5,-110,-110,50.0%,4.8%,BetRivers,2026-08-18T00:38:27
Lamar Jackson,BAL,QB,Passing TDs,24.5,+104,-138,45.8%,7.0%,FanDuel,2026-08-18T00:38:27
Lamar Jackson,BAL,QB,Rushing Yards,525.5,-114,-114,50.0%,6.5%,FanDuel,2026-08-18T00:38:27
Lamar Jackson,BAL,QB,Rushing Yards,575.5,+100,-121,47.7%,4.8%,BetRivers,2026-08-18T00:38:27
Lamar Jackson,BAL,QB,Rushing TDs,3.5,-115,-106,51.0%,4.9%,BetRivers,2026-08-18T00:38:27
Lamar Jackson,BAL,QB,Rushing TDs,3.5,-130,-102,52.8%,7.0%,FanDuel,2026-08-18T00:38:27
Luther Burden III,CHI,WR,Receptions,64.5,-110,-110,50.0%,4.8%,BetRivers,2026-08-18T00:38:27
Luther Burden III,CHI,WR,Receiving Yards,850.5,-110,-110,50.0%,4.8%,BetRivers,2026-08-18T00:38:27
Luther Burden III,CHI,WR,Receiving TDs,4.5,-121,+100,52.3%,4.8%,BetRivers,2026-08-18T00:38:27
Makai Lemon,PHI,WR,Receiving Yards,575.5,-114,-114,50.0%,6.5%,FanDuel,2026-08-18T00:38:27
Malik Willis,MIA,QB,Passing Yards,3000.5,+100,-121,47.7%,4.8%,BetRivers,2026-08-18T00:38:27
Mark Andrews,BAL,TE,Receiving Yards,500.5,-110,-110,50.0%,4.8%,BetRivers,2026-08-18T00:38:27
Mark Andrews,BAL,TE,Receiving Yards,500.5,-114,-114,50.0%,6.5%,FanDuel,2026-08-18T00:38:27
Mark Andrews,BAL,TE,Receiving TDs,5.5,-127,+105,53.4%,4.7%,BetRivers,2026-08-18T00:38:27
Marvin Harrison Jr.,ARI,WR,Receiving Yards,825.5,+100,-121,47.7%,4.8%,BetRivers,2026-08-18T00:38:27
Marvin Harrison Jr.,ARI,WR,Receiving Yards,825.5,-114,-114,50.0%,6.5%,FanDuel,2026-08-18T00:38:27
Marvin Harrison Jr.,ARI,WR,Receiving TDs,5.5,+120,-148,43.2%,5.1%,BetRivers,2026-08-18T00:38:27
Matthew Golden,GB,WR,Receiving Yards,650.5,-115,-106,51.0%,4.9%,BetRivers,2026-08-18T00:38:27
Matthew Stafford,LAR,QB,Passing Yards,3825.5,-114,-114,50.0%,6.5%,FanDuel,2026-08-18T00:38:27
Matthew Stafford,LAR,QB,Passing Yards,3850.5,-110,-110,50.0%,4.8%,BetRivers,2026-08-18T00:38:27
Matthew Stafford,LAR,QB,Passing TDs,29.5,-132,+100,53.2%,6.9%,FanDuel,2026-08-18T00:38:27
Michael Pittman Jr.,PIT,WR,Receiving Yards,725.5,-110,-110,50.0%,4.8%,BetRivers,2026-08-18T00:38:27
Michael Pittman Jr.,PIT,WR,Receiving Yards,725.5,-114,-114,50.0%,6.5%,FanDuel,2026-08-18T00:38:27
Michael Pittman Jr.,PIT,WR,Receiving TDs,4.5,+120,-148,43.2%,5.1%,BetRivers,2026-08-18T00:38:27
Michael Wilson,ARI,WR,Receiving Yards,700.5,-110,-110,50.0%,4.8%,BetRivers,2026-08-18T00:38:27
Mike Evans,SF,WR,Receiving Yards,800.5,-115,-106,51.0%,4.9%,BetRivers,2026-08-18T00:38:27
Mike Evans,SF,WR,Receiving Yards,800.5,-114,-114,50.0%,6.5%,FanDuel,2026-08-18T00:38:27
Mike Evans,SF,WR,Receiving TDs,6.5,-115,-106,51.0%,4.9%,BetRivers,2026-08-18T00:38:27
Nico Collins,HOU,WR,Receptions,70.5,-110,-110,50.0%,4.8%,BetRivers,2026-08-18T00:38:27
Nico Collins,HOU,WR,Receiving Yards,1050.5,-114,-114,50.0%,6.5%,FanDuel,2026-08-18T00:38:27
Nico Collins,HOU,WR,Receiving Yards,1100.5,-106,-115,49.0%,4.9%,BetRivers,2026-08-18T00:38:27
Nico Collins,HOU,WR,Receiving TDs,6.5,-110,-110,50.0%,4.8%,BetRivers,2026-08-18T00:38:27
Omar Cooper Jr.,NYJ,WR,Receiving Yards,450.5,-110,-110,50.0%,4.8%,BetRivers,2026-08-18T00:38:27
Omar Cooper Jr.,NYJ,WR,Receiving Yards,455.5,-114,-114,50.0%,6.5%,FanDuel,2026-08-18T00:38:27
Omarion Hampton,LAC,RB,Rushing Yards,925.5,-115,-106,51.0%,4.9%,BetRivers,2026-08-18T00:38:27
Omarion Hampton,LAC,RB,Rushing TDs,7.5,-134,+110,54.6%,4.9%,BetRivers,2026-08-18T00:38:27
Parker Washington,JAX,WR,Receiving Yards,800.5,-121,+100,52.3%,4.8%,BetRivers,2026-08-18T00:38:27
Parker Washington,JAX,WR,Receiving TDs,4.5,-110,-110,50.0%,4.8%,BetRivers,2026-08-18T00:38:27
Patrick Mahomes,KC,QB,Passing Yards,3700.5,-110,-110,50.0%,4.8%,BetRivers,2026-08-18T00:38:27
Quentin Johnston,LAC,WR,Receiving Yards,650.5,+100,-121,47.7%,4.8%,BetRivers,2026-08-18T00:38:27
Quentin Johnston,LAC,WR,Receiving TDs,5.5,-110,-110,50.0%,4.8%,BetRivers,2026-08-18T00:38:27
Quinshon Judkins,CLE,RB,Rushing Yards,875.5,-114,-114,50.0%,6.5%,FanDuel,2026-08-18T00:38:27
Quinshon Judkins,CLE,RB,Rushing Yards,900.5,+100,-121,47.7%,4.8%,BetRivers,2026-08-18T00:38:27
Quinshon Judkins,CLE,RB,Rushing TDs,6.5,-106,-115,49.0%,4.9%,BetRivers,2026-08-18T00:38:27
Rashid Shaheed,SEA,WR,Receiving Yards,500.5,-115,-106,51.0%,4.9%,BetRivers,2026-08-18T00:38:27
Rashid Shaheed,SEA,WR,Receiving Yards,500.5,-114,-114,50.0%,6.5%,FanDuel,2026-08-18T00:38:27
Rhamondre Stevenson,NE,RB,Rushing Yards,600.5,-114,-114,50.0%,6.5%,FanDuel,2026-08-18T00:38:27
Rhamondre Stevenson,NE,RB,Rushing Yards,625.5,-106,-115,49.0%,4.9%,BetRivers,2026-08-18T00:38:27
Rhamondre Stevenson,NE,RB,Rushing TDs,5.5,-139,+115,55.6%,4.7%,BetRivers,2026-08-18T00:38:27
Rhamondre Stevenson,NE,RB,Rushing TDs,5.5,-128,-104,52.4%,7.1%,FanDuel,2026-08-18T00:38:27
Rico Dowdle,PIT,RB,Rushing Yards,700.5,-110,-110,50.0%,4.8%,BetRivers,2026-08-18T00:38:27
Rico Dowdle,PIT,RB,Rushing TDs,4.5,+100,-121,47.7%,4.8%,BetRivers,2026-08-18T00:38:27
Rome Odunze,CHI,WR,Receiving Yards,800.5,-110,-110,50.0%,4.8%,BetRivers,2026-08-18T00:38:27
Rome Odunze,CHI,WR,Receiving Yards,800.5,-114,-114,50.0%,6.5%,FanDuel,2026-08-18T00:38:27
Rome Odunze,CHI,WR,Receiving TDs,6.5,-106,-115,49.0%,4.9%,BetRivers,2026-08-18T00:38:27
Romeo Doubs,NE,WR,Receiving Yards,650.5,-106,-115,49.0%,4.9%,BetRivers,2026-08-18T00:38:27
Romeo Doubs,NE,WR,Receiving TDs,4.5,-139,+115,55.6%,4.7%,BetRivers,2026-08-18T00:38:27
Sam Darnold,SEA,QB,Passing Yards,3600.5,-114,-114,50.0%,6.5%,FanDuel,2026-08-18T00:38:27
Sam Darnold,SEA,QB,Passing Yards,3650.5,-110,-110,50.0%,4.8%,BetRivers,2026-08-18T00:38:27
Sam Darnold,SEA,QB,Passing TDs,23.5,-102,-130,47.2%,7.0%,FanDuel,2026-08-18T00:38:27
Sam LaPorta,DET,TE,Receiving Yards,650.5,-106,-115,49.0%,4.9%,BetRivers,2026-08-18T00:38:27
Sam LaPorta,DET,TE,Receiving Yards,650.5,-114,-114,50.0%,6.5%,FanDuel,2026-08-18T00:38:27
Sam LaPorta,DET,TE,Receiving TDs,4.5,-121,+100,52.3%,4.8%,BetRivers,2026-08-18T00:38:27
Saquon Barkley,PHI,RB,Rushing Yards,1050.5,-114,-114,50.0%,6.5%,FanDuel,2026-08-18T00:38:27
Saquon Barkley,PHI,RB,Rushing Yards,1075.5,-110,-110,50.0%,4.8%,BetRivers,2026-08-18T00:38:27
Saquon Barkley,PHI,RB,Rushing TDs,7.5,-110,-110,50.0%,4.8%,BetRivers,2026-08-18T00:38:27
Saquon Barkley,PHI,RB,Rushing TDs,7.5,-114,-114,50.0%,6.5%,FanDuel,2026-08-18T00:38:27
Tee Higgins,CIN,WR,Receptions,65.5,-110,-110,50.0%,4.8%,BetRivers,2026-08-18T00:38:27
Tee Higgins,CIN,WR,Receiving Yards,850.5,-121,+100,52.3%,4.8%,BetRivers,2026-08-18T00:38:27
Tee Higgins,CIN,WR,Receiving Yards,875.5,-114,-114,50.0%,6.5%,FanDuel,2026-08-18T00:38:27
Tee Higgins,CIN,WR,Receiving TDs,7.5,-134,+110,54.6%,4.9%,BetRivers,2026-08-18T00:38:27
Terry McLaurin,WAS,WR,Receiving Yards,900.5,-110,-110,50.0%,4.8%,BetRivers,2026-08-18T00:38:27
Terry McLaurin,WAS,WR,Receiving Yards,900.5,-114,-114,50.0%,6.5%,FanDuel,2026-08-18T00:38:27
Terry McLaurin,WAS,WR,Receiving TDs,5.5,-127,+105,53.4%,4.7%,BetRivers,2026-08-18T00:38:27
Tetairoa McMilan,CAR,WR,Receptions,70.5,-106,-115,49.0%,4.9%,BetRivers,2026-08-18T00:38:27
Tetairoa McMilan,CAR,WR,Receiving Yards,950.5,-110,-110,50.0%,4.8%,BetRivers,2026-08-18T00:38:27
Tetairoa McMilan,CAR,WR,Receiving TDs,6.5,-115,-106,51.0%,4.9%,BetRivers,2026-08-18T00:38:27
Tetairoa McMillan,CAR,WR,Receiving Yards,950.5,-114,-114,50.0%,6.5%,FanDuel,2026-08-18T00:38:27
Tony Pollard,TEN,RB,Rushing Yards,775.5,-114,-114,50.0%,6.5%,FanDuel,2026-08-18T00:38:27
Tony Pollard,TEN,RB,Rushing Yards,800.5,-106,-115,49.0%,4.9%,BetRivers,2026-08-18T00:38:27
Tony Pollard,TEN,RB,Rushing TDs,5.5,+115,-139,44.4%,4.7%,BetRivers,2026-08-18T00:38:27
Tony Pollard,TEN,RB,Rushing TDs,5.5,+112,-148,44.1%,6.8%,FanDuel,2026-08-18T00:38:27
Travis Etienne,NO,RB,Rushing Yards,850.5,-114,-114,50.0%,6.5%,FanDuel,2026-08-18T00:38:27
Travis Etienne,NO,RB,Rushing TDs,4.5,-162,+120,57.6%,7.3%,FanDuel,2026-08-18T00:38:27
Travis Etienne Jr.,NO,RB,Rushing Yards,825.5,-110,-110,50.0%,4.8%,BetRivers,2026-08-18T00:38:27
Travis Etienne Jr.,NO,RB,Rushing TDs,5.5,+120,-148,43.2%,5.1%,BetRivers,2026-08-18T00:38:27
Travis Kelce,KC,TE,Receiving Yards,650.5,-121,+100,52.3%,4.8%,BetRivers,2026-08-18T00:38:27
Travis Kelce,KC,TE,Receiving Yards,675.5,-114,-114,50.0%,6.5%,FanDuel,2026-08-18T00:38:27
Travis Kelce,KC,TE,Receiving TDs,4.5,+100,-121,47.7%,4.8%,BetRivers,2026-08-18T00:38:27
Tre Tucker,LV,WR,Receiving Yards,575.5,+100,-121,47.7%,4.8%,BetRivers,2026-08-18T00:38:27
TreVeyon Henderson,NE,RB,Rushing Yards,700.5,-110,-110,50.0%,4.8%,BetRivers,2026-08-18T00:38:27
TreVeyon Henderson,NE,RB,Rushing Yards,700.5,-114,-114,50.0%,6.5%,FanDuel,2026-08-18T00:38:27
TreVeyon Henderson,NE,RB,Rushing TDs,5.5,-102,-130,47.2%,7.0%,FanDuel,2026-08-18T00:38:27
TreVeyon Henderson,NE,RB,Rushing TDs,6.5,+125,-152,42.4%,4.8%,BetRivers,2026-08-18T00:38:27
Trevor Lawrence,JAX,QB,Passing Yards,3750.5,-106,-115,49.0%,4.9%,BetRivers,2026-08-18T00:38:27
Trevor Lawrence,JAX,QB,Passing Yards,3750.5,-114,-114,50.0%,6.5%,FanDuel,2026-08-18T00:38:27
Trevor Lawrence,JAX,QB,Passing TDs,25.5,-102,-130,47.2%,7.0%,FanDuel,2026-08-18T00:38:27
Trey McBride,ARI,TE,Receptions,98.5,-106,-115,49.0%,4.9%,BetRivers,2026-08-18T00:38:27
Trey McBride,ARI,TE,Receiving Yards,950.5,-106,-115,49.0%,4.9%,BetRivers,2026-08-18T00:38:27
Trey McBride,ARI,TE,Receiving Yards,950.5,-114,-114,50.0%,6.5%,FanDuel,2026-08-18T00:38:27
Trey McBride,ARI,TE,Receiving TDs,6.5,+100,-121,47.7%,4.8%,BetRivers,2026-08-18T00:38:27
Tucker Kraft,GB,TE,Receiving Yards,700.5,-115,-106,51.0%,4.9%,BetRivers,2026-08-18T00:38:27
Tucker Kraft,GB,TE,Receiving TDs,5.5,+105,-127,46.6%,4.7%,BetRivers,2026-08-18T00:38:27
Tyler Shough,NO,QB,Passing Yards,3400.5,-114,-114,50.0%,6.5%,FanDuel,2026-08-18T00:38:27
Tyler Shough,NO,QB,Passing Yards,3500.5,-112,-112,50.0%,5.7%,BetRivers,2026-08-18T00:38:27
Tyler Shough,NO,QB,Passing TDs,19.5,-148,+112,55.9%,6.8%,FanDuel,2026-08-18T00:38:27
Tyler Warren,IND,TE,Receptions,75.5,-110,-110,50.0%,4.8%,BetRivers,2026-08-18T00:38:27
Tyler Warren,IND,TE,Receiving Yards,750.5,-115,-106,51.0%,4.9%,BetRivers,2026-08-18T00:38:27
Tyler Warren,IND,TE,Receiving Yards,750.5,-114,-114,50.0%,6.5%,FanDuel,2026-08-18T00:38:27
Tyler Warren,IND,TE,Receiving TDs,4.5,-121,+100,52.3%,4.8%,BetRivers,2026-08-18T00:38:27
Wan'Dale Robinson,TEN,WR,Receiving Yards,700.5,+100,-121,47.7%,4.8%,BetRivers,2026-08-18T00:38:27
Xavier Worthy,KC,WR,Receiving Yards,650.5,+100,-121,47.7%,4.8%,BetRivers,2026-08-18T00:38:27
Zay Flowers,BAL,WR,Receptions,75.5,-106,-115,49.0%,4.9%,BetRivers,2026-08-18T00:38:27
Zay Flowers,BAL,WR,Receiving Yards,975.5,-110,-110,50.0%,4.8%,BetRivers,2026-08-18T00:38:27
Zay Flowers,BAL,WR,Receiving Yards,1000.5,-114,-114,50.0%,6.5%,FanDuel,2026-08-18T00:38:27
Zay Flowers,BAL,WR,Receiving TDs,5.5,-121,+100,52.3%,4.8%,BetRivers,2026-08-18T00:38:27
